expert_id,stressor,pillar,co_occurrence_type,distance,quote_context
P1 and P2,stochastic_uncertainty,Standardize,direct,0,same_quote
P1 and P2,stochastic_uncertainty,Standardize,contextual,1,within_2
P1 and P2,stochastic_uncertainty,Standardize,contextual,2,within_2
P1 and P2,stochastic_uncertainty,Standardize,direct,0,same_quote
P1 and P2,stochastic_uncertainty,Standardize,contextual,1,within_2
P1 and P2,stochastic_uncertainty,Standardize,contextual,1,within_2
P1 and P2,stochastic_uncertainty,Act,contextual,2,within_2
P1 and P2,stochastic_uncertainty,Standardize,contextual,2,within_2
P1 and P2,stochastic_uncertainty,Standardize,direct,0,same_quote
P1 and P2,stochastic_uncertainty,Standardize,contextual,2,within_2
P1 and P2,stochastic_uncertainty,Standardize,contextual,1,within_2
P1 and P2,stochastic_uncertainty,Act,contextual,1,within_2
P1 and P2,stochastic_uncertainty,Standardize,contextual,1,within_2
P1 and P2,stochastic_uncertainty,Act,contextual,2,within_2
P1 and P2,stochastic_uncertainty,Act,direct,0,same_quote
P1 and P2,stochastic_uncertainty,Standardize,direct,0,same_quote
P1 and P2,stochastic_uncertainty,Standardize,contextual,2,within_2
P1 and P2,stochastic_uncertainty,Standardize,contextual,1,within_2
P1 and P2,stochastic_uncertainty,Act,contextual,1,within_2
P1 and P2,stochastic_uncertainty,Act,direct,0,same_quote
P1 and P2,stochastic_uncertainty,Standardize,contextual,2,within_2
P1 and P2,stochastic_uncertainty,Act,contextual,1,within_2
P1 and P2,stochastic_uncertainty,Standardize,contextual,1,within_2
P1 and P2,stochastic_uncertainty,Train,contextual,2,within_2
P1 and P2,stochastic_uncertainty,Act,contextual,2,within_2
P1 and P2,stochastic_uncertainty,Standardize,contextual,2,within_2
P1 and P2,stochastic_uncertainty,Act,contextual,1,within_2
P1 and P2,stochastic_uncertainty,Train,contextual,1,within_2
P1 and P2,stochastic_uncertainty,Standardize,contextual,2,within_2
P1 and P2,stochastic_uncertainty,Train,direct,0,same_quote
P1 and P2,stochastic_uncertainty,Act,contextual,2,within_2
P1 and P2,stochastic_uncertainty,Standardize,contextual,1,within_2
P1 and P2,stochastic_uncertainty,Act,contextual,2,within_2
P1 and P2,stochastic_uncertainty,Standardize,direct,0,same_quote
P1 and P2,stochastic_uncertainty,Train,contextual,1,within_2
P1 and P2,stochastic_uncertainty,Act,contextual,1,within_2
P1 and P2,stochastic_uncertainty,Train,contextual,2,within_2
P1 and P2,autocatalysis,Act,direct,0,same_quote
P1 and P2,autocatalysis,Train,contextual,2,within_2
P1 and P2,autocatalysis,Standardize,contextual,1,within_2
P1 and P2,autocatalysis,Train,contextual,1,within_2
P1 and P2,autocatalysis,Inquire,contextual,2,within_2
P1 and P2,autocatalysis,Train,direct,0,same_quote
P1 and P2,autocatalysis,Standardize,contextual,2,within_2
P1 and P2,autocatalysis,Act,contextual,1,within_2
P1 and P2,autocatalysis,Inquire,contextual,1,within_2
P1 and P2,autocatalysis,Inquire,direct,0,same_quote
P1 and P2,autocatalysis,Act,contextual,2,within_2
P1 and P2,autocatalysis,Train,contextual,1,within_2
P1 and P2,autocatalysis,Act,contextual,2,within_2
P1 and P2,autocatalysis,Train,contextual,2,within_2
P1 and P2,autocatalysis,Standardize,contextual,2,within_2
P1 and P2,autocatalysis,Train,contextual,2,within_2
P1 and P2,autocatalysis,Inquire,contextual,1,within_2
P1 and P2,autocatalysis,Act,contextual,1,within_2
P1 and P2,autocatalysis,Train,contextual,1,within_2
P1 and P2,autocatalysis,Standardize,contextual,1,within_2
P1 and P2,autocatalysis,Train,contextual,2,within_2
P1 and P2,autocatalysis,Act,direct,0,same_quote
P1 and P2,autocatalysis,Train,direct,0,same_quote
P1 and P2,autocatalysis,Standardize,direct,0,same_quote
P1 and P2,autocatalysis,Inquire,contextual,2,within_2
P1 and P2,autocatalysis,Train,contextual,1,within_2
P1 and P2,autocatalysis,Inquire,contextual,2,within_2
P1 and P2,autocatalysis,Train,direct,0,same_quote
P1 and P2,autocatalysis,Act,contextual,1,within_2
P1 and P2,autocatalysis,Train,contextual,1,within_2
P1 and P2,autocatalysis,Standardize,contextual,1,within_2
P1 and P2,autocatalysis,Inquire,contextual,1,within_2
P1 and P2,autocatalysis,Train,contextual,2,within_2
P1 and P2,autocatalysis,Inquire,contextual,2,within_2
P1 and P2,autocatalysis,Inquire,direct,0,same_quote
P1 and P2,autocatalysis,Act,contextual,2,within_2
P1 and P2,autocatalysis,Train,contextual,2,within_2
P1 and P2,autocatalysis,Standardize,contextual,2,within_2
P1 and P2,autocatalysis,Train,contextual,1,within_2
P1 and P2,autocatalysis,Train,contextual,1,within_2
P1 and P2,autocatalysis,Inquire,contextual,1,within_2
P1 and P2,autocatalysis,Standardize,contextual,2,within_2
P1 and P2,autocatalysis,Train,direct,0,same_quote
P1 and P2,autocatalysis,Inquire,direct,0,same_quote
P1 and P2,autocatalysis,Train,contextual,2,within_2
P1 and P2,autocatalysis,Inquire,contextual,1,within_2
P1 and P2,autocatalysis,Standardize,contextual,1,within_2
P1 and P2,autocatalysis,Standardize,direct,0,same_quote
P1 and P2,autocatalysis,Inquire,contextual,2,within_2
P1 and P2,autocatalysis,Train,contextual,1,within_2
P1 and P2,autocatalysis,Inquire,contextual,1,within_2
P1 and P2,autocatalysis,Inquire,contextual,2,within_2
P1 and P2,process_disruption,Train,contextual,2,within_2
P1 and P2,process_disruption,Inquire,contextual,2,within_2
P1 and P2,process_disruption,Standardize,contextual,1,within_2
P1 and P2,process_disruption,Inquire,contextual,1,within_2
P1 and P2,process_disruption,Train,contextual,2,within_2
P1 and P2,process_disruption,Inquire,direct,0,same_quote
P1 and P2,process_disruption,Standardize,contextual,2,within_2
P1 and P2,process_disruption,Train,contextual,1,within_2
P1 and P2,process_disruption,Train,direct,0,same_quote
P1 and P2,process_disruption,Inquire,contextual,1,within_2
P1 and P2,process_disruption,Act,contextual,2,within_2
P1 and P2,process_disruption,Inquire,contextual,2,within_2
P1 and P2,process_disruption,Train,contextual,1,within_2
P1 and P2,process_disruption,Act,contextual,1,within_2
P1 and P2,process_disruption,Act,contextual,2,within_2
P1 and P2,process_disruption,Act,direct,0,same_quote
P1 and P2,process_disruption,Train,contextual,2,within_2
P1 and P2,process_disruption,Act,contextual,1,within_2
P1 and P2,process_disruption,Act,direct,0,same_quote
P1 and P2,process_disruption,Act,contextual,1,within_2
P1 and P2,process_disruption,Act,contextual,2,within_2
P1 and P2,process_disruption,Act,contextual,1,within_2
P1 and P2,process_disruption,Act,contextual,2,within_2
P1 and P2,process_disruption,Inquire,contextual,2,within_2
P1 and P2,process_disruption,Act,contextual,2,within_2
P1 and P2,process_disruption,Act,contextual,1,within_2
P1 and P2,process_disruption,Inquire,contextual,1,within_2
P1 and P2,process_disruption,Train,contextual,2,within_2
P1 and P2,high_customer_expectations,Act,direct,0,same_quote
P1 and P2,high_customer_expectations,Inquire,direct,0,same_quote
P1 and P2,high_customer_expectations,Train,contextual,1,within_2
P1 and P2,high_customer_expectations,Inquire,contextual,2,within_2
P1 and P2,high_customer_expectations,Train,direct,0,same_quote
P1 and P2,high_customer_expectations,Act,contextual,1,within_2
P1 and P2,high_customer_expectations,Inquire,contextual,1,within_2
P1 and P2,high_customer_expectations,Inquire,contextual,1,within_2
P1 and P2,high_customer_expectations,Act,contextual,2,within_2
P1 and P2,high_customer_expectations,Inquire,direct,0,same_quote
P1 and P2,high_customer_expectations,Act,contextual,2,within_2
P1 and P2,high_customer_expectations,Inquire,contextual,2,within_2
P1 and P2,high_customer_expectations,Train,contextual,1,within_2
P1 and P2,high_customer_expectations,Act,contextual,1,within_2
P1 and P2,high_customer_expectations,Act,direct,0,same_quote
P1 and P2,high_customer_expectations,Train,contextual,2,within_2
P1 and P2,high_customer_expectations,Inquire,contextual,1,within_2
P1 and P2,high_customer_expectations,Inquire,contextual,2,within_2
P1 and P2,high_customer_expectations,Inquire,contextual,2,within_2
P1 and P2,high_customer_expectations,Act,contextual,1,within_2
P1 and P2,high_customer_expectations,Inquire,contextual,1,within_2
P1 and P2,high_customer_expectations,Standardize,contextual,2,within_2
P1 and P2,high_customer_expectations,Inquire,direct,0,same_quote
P1 and P2,high_customer_expectations,Act,contextual,2,within_2
P1 and P2,high_customer_expectations,Standardize,contextual,1,within_2
P1 and P2,high_customer_expectations,Inquire,contextual,2,within_2
P1 and P2,high_customer_expectations,Standardize,direct,0,same_quote
P1 and P2,high_customer_expectations,Inquire,contextual,1,within_2
P1 and P2,high_customer_expectations,Inquire,contextual,1,within_2
P1 and P2,high_customer_expectations,Act,contextual,2,within_2
P1 and P2,high_customer_expectations,Train,contextual,2,within_2
P1 and P2,high_customer_expectations,Inquire,direct,0,same_quote
P1 and P2,high_customer_expectations,Inquire,contextual,2,within_2
P1 and P2,high_customer_expectations,Standardize,contextual,1,within_2
P1 and P2,high_customer_expectations,Act,contextual,1,within_2
P1 and P2,high_customer_expectations,Train,contextual,1,within_2
P1 and P2,high_customer_expectations,Act,direct,0,same_quote
P1 and P2,high_customer_expectations,Train,direct,0,same_quote
P1 and P2,high_customer_expectations,Standardize,contextual,2,within_2
P1 and P2,high_customer_expectations,Inquire,contextual,1,within_2
P1 and P2,high_customer_expectations,Train,contextual,2,within_2
P1 and P2,high_customer_expectations,Inquire,contextual,2,within_2
P1 and P2,high_customer_expectations,Inquire,contextual,2,within_2
P1 and P2,high_customer_expectations,Act,contextual,1,within_2
P1 and P2,high_customer_expectations,Train,contextual,1,within_2
P1 and P2,high_customer_expectations,Train,contextual,1,within_2
P1 and P2,high_customer_expectations,Inquire,contextual,1,within_2
P1 and P2,high_customer_expectations,Train,direct,0,same_quote
P1 and P2,high_customer_expectations,Inquire,direct,0,same_quote
P1 and P2,high_customer_expectations,Act,contextual,2,within_2
P1 and P2,high_customer_expectations,Train,contextual,2,within_2
P10,stochastic_uncertainty,Inquire,direct,0,same_quote
P10,stochastic_uncertainty,Inquire,contextual,1,within_2
P10,stochastic_uncertainty,Inquire,contextual,2,within_2
P10,stochastic_uncertainty,Inquire,direct,0,same_quote
P10,stochastic_uncertainty,Inquire,contextual,1,within_2
P10,stochastic_uncertainty,Inquire,contextual,1,within_2
P10,stochastic_uncertainty,Act,contextual,2,within_2
P10,stochastic_uncertainty,Inquire,direct,0,same_quote
P10,stochastic_uncertainty,Inquire,contextual,2,within_2
P10,stochastic_uncertainty,Inquire,contextual,1,within_2
P10,stochastic_uncertainty,Act,contextual,1,within_2
P10,stochastic_uncertainty,Act,contextual,2,within_2
P10,stochastic_uncertainty,Train,contextual,2,within_2
P10,autocatalysis,Act,direct,0,same_quote
P10,autocatalysis,Inquire,contextual,2,within_2
P10,autocatalysis,Inquire,contextual,1,within_2
P10,autocatalysis,Act,contextual,1,within_2
P10,autocatalysis,Train,contextual,1,within_2
P10,autocatalysis,Train,contextual,2,within_2
P10,autocatalysis,Act,direct,0,same_quote
P10,autocatalysis,Train,direct,0,same_quote
P10,autocatalysis,Inquire,contextual,2,within_2
P10,autocatalysis,Act,contextual,1,within_2
P10,autocatalysis,Train,contextual,1,within_2
P10,autocatalysis,Train,contextual,2,within_2
P10,autocatalysis,Train,direct,0,same_quote
P10,autocatalysis,Act,contextual,2,within_2
P10,autocatalysis,Act,contextual,1,within_2
P10,autocatalysis,Train,contextual,1,within_2
P10,autocatalysis,Train,contextual,1,within_2
P10,autocatalysis,Act,contextual,2,within_2
P10,autocatalysis,Train,contextual,2,within_2
P10,autocatalysis,Train,direct,0,same_quote
P10,autocatalysis,Act,contextual,2,within_2
P10,autocatalysis,Train,contextual,2,within_2
P10,autocatalysis,Train,contextual,1,within_2
P10,autocatalysis,Act,contextual,1,within_2
P10,autocatalysis,Train,contextual,1,within_2
P10,autocatalysis,Train,contextual,2,within_2
P10,autocatalysis,Act,direct,0,same_quote
P10,autocatalysis,Train,direct,0,same_quote
P10,autocatalysis,Train,contextual,2,within_2
P10,autocatalysis,Train,contextual,1,within_2
P10,autocatalysis,Train,contextual,1,within_2
P10,autocatalysis,Train,contextual,2,within_2
P10,autocatalysis,Train,direct,0,same_quote
P10,autocatalysis,Train,contextual,2,within_2
P10,autocatalysis,Act,contextual,1,within_2
P10,autocatalysis,Train,contextual,1,within_2
P10,autocatalysis,Train,contextual,1,within_2
P10,autocatalysis,Act,contextual,2,within_2
P10,autocatalysis,Train,contextual,2,within_2
P10,process_disruption,Train,direct,0,same_quote
P10,process_disruption,Act,contextual,2,within_2
P10,process_disruption,Train,contextual,2,within_2
P10,process_disruption,Train,contextual,1,within_2
P10,process_disruption,Act,contextual,1,within_2
P10,process_disruption,Train,contextual,1,within_2
P10,process_disruption,Inquire,contextual,2,within_2
P10,process_disruption,Act,direct,0,same_quote
P10,process_disruption,Train,direct,0,same_quote
P10,process_disruption,Train,contextual,2,within_2
P10,process_disruption,Train,contextual,1,within_2
P10,process_disruption,Inquire,contextual,1,within_2
P10,process_disruption,Inquire,contextual,2,within_2
P10,process_disruption,Inquire,direct,0,same_quote
P10,process_disruption,Train,contextual,2,within_2
P10,process_disruption,Act,contextual,1,within_2
P10,process_disruption,Train,contextual,1,within_2
P10,process_disruption,Inquire,contextual,1,within_2
P10,process_disruption,Inquire,direct,0,same_quote
P10,process_disruption,Act,contextual,2,within_2
P10,process_disruption,Train,contextual,2,within_2
P10,process_disruption,Inquire,contextual,1,within_2
P10,process_disruption,Train,contextual,2,within_2
P10,process_disruption,Inquire,contextual,2,within_2
P10,process_disruption,Inquire,contextual,1,within_2
P10,process_disruption,Train,contextual,1,within_2
P10,process_disruption,Train,contextual,2,within_2
P10,process_disruption,Train,direct,0,same_quote
P10,process_disruption,Inquire,contextual,2,within_2
P10,process_disruption,Train,contextual,1,within_2
P10,process_disruption,Train,direct,0,same_quote
P10,process_disruption,Train,contextual,1,within_2
P10,high_customer_expectations,Train,contextual,2,within_2
P10,high_customer_expectations,Train,contextual,1,within_2
P10,high_customer_expectations,Act,contextual,2,within_2
P10,high_customer_expectations,Standardize,contextual,2,within_2
P10,high_customer_expectations,Train,contextual,2,within_2
P10,high_customer_expectations,Act,contextual,1,within_2
P10,high_customer_expectations,Standardize,contextual,1,within_2
P10,high_customer_expectations,Inquire,contextual,2,within_2
P10,high_customer_expectations,Act,direct,0,same_quote
P10,high_customer_expectations,Standardize,direct,0,same_quote
P10,high_customer_expectations,Inquire,contextual,1,within_2
P10,high_customer_expectations,Act,contextual,2,within_2
P10,high_customer_expectations,Inquire,contextual,2,within_2
P10,high_customer_expectations,Inquire,direct,0,same_quote
P10,high_customer_expectations,Act,contextual,1,within_2
P10,high_customer_expectations,Standardize,contextual,1,within_2
P10,high_customer_expectations,Act,contextual,1,within_2
P10,high_customer_expectations,Inquire,contextual,1,within_2
P10,high_customer_expectations,Act,contextual,2,within_2
P10,high_customer_expectations,Train,contextual,2,within_2
P10,high_customer_expectations,Inquire,contextual,2,within_2
P10,high_customer_expectations,Act,direct,0,same_quote
P10,high_customer_expectations,Inquire,direct,0,same_quote
P10,high_customer_expectations,Act,contextual,2,within_2
P10,high_customer_expectations,Standardize,contextual,2,within_2
P10,high_customer_expectations,Inquire,contextual,1,within_2
P10,high_customer_expectations,Act,contextual,1,within_2
P10,high_customer_expectations,Train,contextual,1,within_2
P10,high_customer_expectations,Inquire,contextual,1,within_2
P10,high_customer_expectations,Act,direct,0,same_quote
P10,high_customer_expectations,Train,direct,0,same_quote
P10,high_customer_expectations,Inquire,direct,0,same_quote
P10,high_customer_expectations,Inquire,contextual,2,within_2
P10,high_customer_expectations,Act,contextual,1,within_2
P10,high_customer_expectations,Inquire,contextual,1,within_2
P11,process_disruption,Act,direct,0,same_quote
P11,process_disruption,Standardize,direct,0,same_quote
P11,process_disruption,Inquire,contextual,1,within_2
P11,process_disruption,Train,contextual,2,within_2
P11,process_disruption,Inquire,direct,0,same_quote
P11,process_disruption,Act,contextual,1,within_2
P11,process_disruption,Standardize,contextual,1,within_2
P11,process_disruption,Train,contextual,1,within_2
P11,process_disruption,Standardize,contextual,2,within_2
P11,process_disruption,Train,direct,0,same_quote
P11,process_disruption,Act,contextual,2,within_2
P11,process_disruption,Standardize,contextual,2,within_2
P11,process_disruption,Inquire,contextual,1,within_2
P11,process_disruption,Standardize,contextual,1,within_2
P11,process_disruption,Act,contextual,2,within_2
P11,process_disruption,Standardize,direct,0,same_quote
P11,process_disruption,Inquire,contextual,2,within_2
P11,process_disruption,Train,contextual,1,within_2
P11,process_disruption,Act,contextual,1,within_2
P11,process_disruption,Standardize,contextual,2,within_2
P11,process_disruption,Act,direct,0,same_quote
P11,process_disruption,Train,contextual,2,within_2
P11,process_disruption,Standardize,contextual,1,within_2
P11,process_disruption,Standardize,contextual,1,within_2
P11,process_disruption,Inquire,contextual,2,within_2
P11,process_disruption,Standardize,direct,0,same_quote
P11,process_disruption,Standardize,contextual,2,within_2
P11,process_disruption,Act,contextual,1,within_2
P11,process_disruption,Inquire,contextual,1,within_2
P11,process_disruption,Inquire,contextual,2,within_2
P11,process_disruption,Inquire,direct,0,same_quote
P11,process_disruption,Act,contextual,2,within_2
P11,process_disruption,Standardize,contextual,1,within_2
P11,process_disruption,Inquire,contextual,1,within_2
P11,process_disruption,Inquire,contextual,2,within_2
P11,process_disruption,Inquire,direct,0,same_quote
P11,process_disruption,Standardize,contextual,2,within_2
P11,process_disruption,Inquire,contextual,1,within_2
P11,process_disruption,Inquire,contextual,1,within_2
P11,process_disruption,Inquire,direct,0,same_quote
P11,process_disruption,Inquire,contextual,2,within_2
P11,process_disruption,Inquire,contextual,1,within_2
P11,process_disruption,Inquire,contextual,2,within_2
P11,autocatalysis,Inquire,contextual,2,within_2
P11,autocatalysis,Inquire,contextual,1,within_2
P11,autocatalysis,Inquire,contextual,1,within_2
P11,autocatalysis,Inquire,direct,0,same_quote
P11,autocatalysis,Inquire,contextual,2,within_2
P11,autocatalysis,Inquire,contextual,1,within_2
P11,autocatalysis,Inquire,contextual,2,within_2
P11,autocatalysis,Inquire,contextual,2,within_2
P11,autocatalysis,Inquire,contextual,1,within_2
P11,autocatalysis,Inquire,contextual,2,within_2
P11,autocatalysis,Inquire,direct,0,same_quote
P11,autocatalysis,Inquire,contextual,1,within_2
P11,autocatalysis,Act,contextual,2,within_2
P11,autocatalysis,Standardize,contextual,2,within_2
P11,autocatalysis,Inquire,direct,0,same_quote
P11,autocatalysis,Inquire,contextual,1,within_2
P11,autocatalysis,Act,contextual,1,within_2
P11,autocatalysis,Standardize,contextual,1,within_2
P11,autocatalysis,Standardize,contextual,2,within_2
P11,high_customer_expectations,Act,direct,0,same_quote
P11,high_customer_expectations,Standardize,direct,0,same_quote
P11,high_customer_expectations,Inquire,contextual,2,within_2
P11,high_customer_expectations,Inquire,contextual,1,within_2
P11,high_customer_expectations,Standardize,contextual,1,within_2
P11,high_customer_expectations,Inquire,contextual,2,within_2
P11,high_customer_expectations,Standardize,direct,0,same_quote
P11,high_customer_expectations,Inquire,contextual,2,within_2
P11,high_customer_expectations,Act,contextual,1,within_2
P11,high_customer_expectations,Standardize,contextual,1,within_2
P11,high_customer_expectations,Inquire,contextual,1,within_2
P11,high_customer_expectations,Inquire,contextual,2,within_2
P11,high_customer_expectations,Inquire,direct,0,same_quote
P11,high_customer_expectations,Act,contextual,2,within_2
P11,high_customer_expectations,Standardize,contextual,2,within_2
P11,high_customer_expectations,Standardize,contextual,1,within_2
P11,high_customer_expectations,Inquire,contextual,1,within_2
P11,high_customer_expectations,Inquire,direct,0,same_quote
P11,high_customer_expectations,Standardize,contextual,2,within_2
P11,high_customer_expectations,Inquire,contextual,1,within_2
P11,high_customer_expectations,Inquire,contextual,2,within_2
P11,high_customer_expectations,Inquire,contextual,1,within_2
P11,high_customer_expectations,Act,contextual,2,within_2
P11,high_customer_expectations,Standardize,contextual,2,within_2
P11,stochastic_uncertainty,Inquire,contextual,2,within_2
P11,stochastic_uncertainty,Act,contextual,1,within_2
P11,stochastic_uncertainty,Standardize,contextual,1,within_2
P11,stochastic_uncertainty,Standardize,contextual,2,within_2
P11,stochastic_uncertainty,Act,direct,0,same_quote
P11,stochastic_uncertainty,Standardize,direct,0,same_quote
P11,stochastic_uncertainty,Standardize,contextual,1,within_2
P11,stochastic_uncertainty,Standardize,direct,0,same_quote
P11,stochastic_uncertainty,Act,contextual,1,within_2
P11,stochastic_uncertainty,Standardize,contextual,1,within_2
P11,stochastic_uncertainty,Inquire,contextual,2,within_2
P11,stochastic_uncertainty,Act,contextual,2,within_2
P11,stochastic_uncertainty,Standardize,contextual,2,within_2
P11,stochastic_uncertainty,Standardize,contextual,1,within_2
P11,stochastic_uncertainty,Inquire,contextual,1,within_2
P11,stochastic_uncertainty,Inquire,direct,0,same_quote
P11,stochastic_uncertainty,Standardize,contextual,2,within_2
P12,process_disruption,Inquire,contextual,1,within_2
P12,process_disruption,Inquire,contextual,2,within_2
P12,process_disruption,Inquire,direct,0,same_quote
P12,process_disruption,Inquire,contextual,1,within_2
P12,process_disruption,Inquire,contextual,2,within_2
P12,process_disruption,Inquire,direct,0,same_quote
P12,process_disruption,Inquire,contextual,1,within_2
P12,process_disruption,Inquire,contextual,1,within_2
P12,process_disruption,Inquire,direct,0,same_quote
P12,process_disruption,Inquire,contextual,2,within_2
P12,process_disruption,Inquire,contextual,1,within_2
P12,process_disruption,Inquire,contextual,2,within_2
P12,process_disruption,Inquire,contextual,1,within_2
P12,process_disruption,Act,contextual,2,within_2
P12,process_disruption,Standardize,contextual,2,within_2
P12,process_disruption,Inquire,contextual,2,within_2
P12,process_disruption,Act,contextual,1,within_2
P12,process_disruption,Standardize,contextual,1,within_2
P12,process_disruption,Standardize,contextual,2,within_2
P12,process_disruption,Act,direct,0,same_quote
P12,process_disruption,Standardize,direct,0,same_quote
P12,process_disruption,Standardize,contextual,1,within_2
P12,process_disruption,Act,contextual,2,within_2
P12,process_disruption,Standardize,direct,0,same_quote
P12,process_disruption,Act,contextual,1,within_2
P12,process_disruption,Standardize,contextual,1,within_2
P12,process_disruption,Act,contextual,1,within_2
P12,process_disruption,Train,contextual,2,within_2
P12,process_disruption,Act,direct,0,same_quote
P12,process_disruption,Act,contextual,2,within_2
P12,process_disruption,Standardize,contextual,2,within_2
P12,process_disruption,Standardize,contextual,1,within_2
P12,process_disruption,Train,contextual,1,within_2
P12,process_disruption,Train,direct,0,same_quote
P12,process_disruption,Standardize,contextual,2,within_2
P12,process_disruption,Act,contextual,1,within_2
P12,process_disruption,Act,contextual,2,within_2
P12,process_disruption,Train,contextual,1,within_2
P12,process_disruption,Act,contextual,2,within_2
P12,process_disruption,Train,contextual,2,within_2
P12,process_disruption,Act,contextual,1,within_2
P12,process_disruption,Inquire,contextual,2,within_2
P12,high_customer_expectations,Act,direct,0,same_quote
P12,high_customer_expectations,Inquire,contextual,1,within_2
P12,high_customer_expectations,Inquire,direct,0,same_quote
P12,high_customer_expectations,Act,contextual,1,within_2
P12,high_customer_expectations,Act,contextual,2,within_2
P12,high_customer_expectations,Train,contextual,2,within_2
P12,high_customer_expectations,Act,contextual,2,within_2
P12,high_customer_expectations,Inquire,contextual,1,within_2
P12,high_customer_expectations,Act,contextual,1,within_2
P12,high_customer_expectations,Train,contextual,1,within_2
P12,high_customer_expectations,Act,contextual,2,within_2
P12,high_customer_expectations,Standardize,contextual,2,within_2
P12,high_customer_expectations,Act,direct,0,same_quote
P12,high_customer_expectations,Train,direct,0,same_quote
P12,high_customer_expectations,Inquire,contextual,2,within_2
P12,high_customer_expectations,Act,contextual,1,within_2
P12,high_customer_expectations,Standardize,contextual,1,within_2
P12,high_customer_expectations,Act,contextual,2,within_2
P12,high_customer_expectations,Standardize,contextual,2,within_2
P12,high_customer_expectations,Act,direct,0,same_quote
P12,high_customer_expectations,Standardize,direct,0,same_quote
P12,high_customer_expectations,Act,contextual,1,within_2
P12,high_customer_expectations,Train,contextual,1,within_2
P12,high_customer_expectations,Act,contextual,1,within_2
P12,high_customer_expectations,Standardize,contextual,1,within_2
P12,high_customer_expectations,Act,contextual,2,within_2
P12,stochastic_uncertainty,Act,direct,0,same_quote
P12,stochastic_uncertainty,Standardize,direct,0,same_quote
P12,stochastic_uncertainty,Act,contextual,2,within_2
P12,stochastic_uncertainty,Train,contextual,2,within_2
P12,stochastic_uncertainty,Act,contextual,1,within_2
P12,stochastic_uncertainty,Standardize,contextual,1,within_2
P12,stochastic_uncertainty,Act,contextual,1,within_2
P12,stochastic_uncertainty,Standardize,contextual,2,within_2
P12,stochastic_uncertainty,Act,direct,0,same_quote
P12,stochastic_uncertainty,Act,contextual,2,within_2
P12,stochastic_uncertainty,Standardize,contextual,2,within_2
P12,stochastic_uncertainty,Act,contextual,1,within_2
P12,stochastic_uncertainty,Standardize,contextual,1,within_2
P12,stochastic_uncertainty,Standardize,contextual,1,within_2
P12,stochastic_uncertainty,Standardize,direct,0,same_quote
P12,stochastic_uncertainty,Act,contextual,2,within_2
P12,stochastic_uncertainty,Standardize,contextual,2,within_2
P12,stochastic_uncertainty,Act,contextual,1,within_2
P12,stochastic_uncertainty,Train,contextual,2,within_2
P12,stochastic_uncertainty,Act,contextual,2,within_2
P12,stochastic_uncertainty,Standardize,contextual,1,within_2
P12,stochastic_uncertainty,Train,contextual,1,within_2
P12,stochastic_uncertainty,Train,direct,0,same_quote
P12,stochastic_uncertainty,Standardize,contextual,2,within_2
P12,stochastic_uncertainty,Act,contextual,2,within_2
P12,autocatalysis,Train,contextual,1,within_2
P12,autocatalysis,Act,contextual,1,within_2
P12,autocatalysis,Act,contextual,2,within_2
P12,autocatalysis,Act,direct,0,same_quote
P12,autocatalysis,Train,contextual,2,within_2
P12,autocatalysis,Act,contextual,1,within_2
P12,autocatalysis,Train,contextual,2,within_2
P12,autocatalysis,Act,direct,0,same_quote
P12,autocatalysis,Act,contextual,1,within_2
P12,autocatalysis,Train,contextual,1,within_2
P12,autocatalysis,Act,contextual,2,within_2
P12,autocatalysis,Standardize,contextual,2,within_2
P12,autocatalysis,Train,direct,0,same_quote
P12,autocatalysis,Act,contextual,2,within_2
P12,autocatalysis,Act,contextual,1,within_2
P12,autocatalysis,Act,contextual,1,within_2
P12,autocatalysis,Standardize,contextual,1,within_2
P12,autocatalysis,Act,direct,0,same_quote
P12,autocatalysis,Standardize,direct,0,same_quote
P12,autocatalysis,Act,contextual,2,within_2
P12,autocatalysis,Train,contextual,1,within_2
P13,stochastic_uncertainty,Act,direct,0,same_quote
P13,stochastic_uncertainty,Inquire,contextual,2,within_2
P13,stochastic_uncertainty,Act,contextual,1,within_2
P13,stochastic_uncertainty,Inquire,contextual,1,within_2
P13,stochastic_uncertainty,Act,contextual,2,within_2
P13,stochastic_uncertainty,Inquire,direct,0,same_quote
P13,stochastic_uncertainty,Act,contextual,2,within_2
P13,stochastic_uncertainty,Act,contextual,1,within_2
P13,stochastic_uncertainty,Act,contextual,2,within_2
P13,stochastic_uncertainty,Act,direct,0,same_quote
P13,stochastic_uncertainty,Inquire,contextual,1,within_2
P13,stochastic_uncertainty,Act,contextual,1,within_2
P13,stochastic_uncertainty,Act,contextual,2,within_2
P13,stochastic_uncertainty,Act,direct,0,same_quote
P13,stochastic_uncertainty,Inquire,contextual,2,within_2
P13,stochastic_uncertainty,Act,contextual,1,within_2
P13,stochastic_uncertainty,Act,contextual,1,within_2
P13,stochastic_uncertainty,Act,contextual,2,within_2
P13,stochastic_uncertainty,Act,direct,0,same_quote
P13,stochastic_uncertainty,Act,contextual,2,within_2
P13,stochastic_uncertainty,Act,contextual,1,within_2
P13,stochastic_uncertainty,Act,contextual,1,within_2
P13,stochastic_uncertainty,Act,contextual,2,within_2
P13,stochastic_uncertainty,Act,direct,0,same_quote
P13,stochastic_uncertainty,Act,contextual,2,within_2
P13,stochastic_uncertainty,Act,contextual,1,within_2
P13,stochastic_uncertainty,Act,contextual,1,within_2
P13,stochastic_uncertainty,Act,direct,0,same_quote
P13,stochastic_uncertainty,Act,contextual,2,within_2
P13,stochastic_uncertainty,Act,contextual,1,within_2
P13,stochastic_uncertainty,Act,contextual,2,within_2
P13,stochastic_uncertainty,Act,contextual,2,within_2
P13,stochastic_uncertainty,Act,contextual,1,within_2
P13,stochastic_uncertainty,Act,contextual,1,within_2
P13,stochastic_uncertainty,Act,contextual,2,within_2
P13,stochastic_uncertainty,Standardize,contextual,2,within_2
P13,stochastic_uncertainty,Act,direct,0,same_quote
P13,stochastic_uncertainty,Act,contextual,2,within_2
P13,stochastic_uncertainty,Act,contextual,1,within_2
P13,stochastic_uncertainty,Standardize,contextual,1,within_2
P13,stochastic_uncertainty,Act,contextual,2,within_2
P13,stochastic_uncertainty,Act,direct,0,same_quote
P13,stochastic_uncertainty,Standardize,direct,0,same_quote
P13,stochastic_uncertainty,Act,contextual,1,within_2
P13,stochastic_uncertainty,Act,contextual,1,within_2
P13,stochastic_uncertainty,Standardize,contextual,2,within_2
P13,process_disruption,Act,direct,0,same_quote
P13,process_disruption,Act,contextual,2,within_2
P13,process_disruption,Act,contextual,1,within_2
P13,process_disruption,Standardize,contextual,1,within_2
P13,process_disruption,Standardize,contextual,1,within_2
P13,process_disruption,Act,contextual,2,within_2
P13,process_disruption,Standardize,contextual,2,within_2
P13,process_disruption,Standardize,direct,0,same_quote
P13,process_disruption,Act,contextual,2,within_2
P13,process_disruption,Standardize,contextual,2,within_2
P13,process_disruption,Act,contextual,1,within_2
P13,process_disruption,Act,contextual,1,within_2
P13,process_disruption,Standardize,contextual,1,within_2
P13,process_disruption,Act,contextual,2,within_2
P13,process_disruption,Act,direct,0,same_quote
P13,process_disruption,Standardize,direct,0,same_quote
P13,process_disruption,Act,contextual,2,within_2
P13,process_disruption,Standardize,contextual,1,within_2
P13,process_disruption,Act,contextual,1,within_2
P13,process_disruption,Act,contextual,2,within_2
P13,process_disruption,Inquire,contextual,2,within_2
P13,process_disruption,Act,direct,0,same_quote
P13,process_disruption,Standardize,contextual,2,within_2
P13,process_disruption,Act,contextual,1,within_2
P13,process_disruption,Standardize,contextual,1,within_2
P13,process_disruption,Act,contextual,1,within_2
P13,process_disruption,Inquire,contextual,1,within_2
P13,process_disruption,Act,direct,0,same_quote
P13,process_disruption,Inquire,direct,0,same_quote
P13,process_disruption,Act,contextual,2,within_2
P13,process_disruption,Standardize,contextual,2,within_2
P13,process_disruption,Act,contextual,1,within_2
P13,process_disruption,Act,contextual,2,within_2
P13,process_disruption,Act,contextual,2,within_2
P13,process_disruption,Act,contextual,1,within_2
P13,process_disruption,Inquire,contextual,1,within_2
P13,process_disruption,Act,contextual,1,within_2
P13,process_disruption,Act,contextual,2,within_2
P13,process_disruption,Act,direct,0,same_quote
P13,process_disruption,Act,contextual,2,within_2
P13,process_disruption,Inquire,contextual,2,within_2
P13,process_disruption,Act,contextual,1,within_2
P13,process_disruption,Act,contextual,2,within_2
P13,process_disruption,Act,direct,0,same_quote
P13,process_disruption,Act,contextual,1,within_2
P13,process_disruption,Act,contextual,1,within_2
P13,process_disruption,Standardize,contextual,2,within_2
P13,process_disruption,Act,direct,0,same_quote
P13,process_disruption,Act,contextual,2,within_2
P13,process_disruption,Act,contextual,1,within_2
P13,process_disruption,Standardize,contextual,1,within_2
P13,process_disruption,Act,contextual,2,within_2
P13,autocatalysis,Standardize,direct,0,same_quote
P13,autocatalysis,Act,contextual,2,within_2
P13,autocatalysis,Act,contextual,1,within_2
P13,autocatalysis,Act,contextual,1,within_2
P13,autocatalysis,Act,direct,0,same_quote
P13,autocatalysis,Act,contextual,2,within_2
P13,autocatalysis,Standardize,contextual,1,within_2
P13,autocatalysis,Standardize,contextual,2,within_2
P13,autocatalysis,Standardize,contextual,2,within_2
P13,autocatalysis,Act,contextual,1,within_2
P13,autocatalysis,Standardize,contextual,1,within_2
P13,autocatalysis,Act,contextual,2,within_2
P13,autocatalysis,Standardize,direct,0,same_quote
P13,autocatalysis,Act,contextual,2,within_2
P13,autocatalysis,Act,contextual,1,within_2
P13,autocatalysis,Train,contextual,2,within_2
P13,autocatalysis,Standardize,contextual,2,within_2
P13,autocatalysis,Act,direct,0,same_quote
P13,autocatalysis,Standardize,contextual,1,within_2
P13,autocatalysis,Train,contextual,1,within_2
P13,autocatalysis,Standardize,contextual,1,within_2
P13,autocatalysis,Inquire,contextual,2,within_2
P13,autocatalysis,Train,direct,0,same_quote
P13,autocatalysis,Standardize,direct,0,same_quote
P13,autocatalysis,Standardize,contextual,2,within_2
P13,autocatalysis,Act,contextual,1,within_2
P13,autocatalysis,Inquire,contextual,1,within_2
P13,autocatalysis,Act,contextual,2,within_2
P13,autocatalysis,Inquire,direct,0,same_quote
P13,autocatalysis,Act,contextual,2,within_2
P13,autocatalysis,Train,contextual,1,within_2
P13,autocatalysis,Standardize,contextual,1,within_2
P13,autocatalysis,Act,contextual,1,within_2
P13,autocatalysis,Standardize,contextual,2,within_2
P13,autocatalysis,Act,direct,0,same_quote
P13,autocatalysis,Train,contextual,2,within_2
P13,autocatalysis,Standardize,contextual,2,within_2
P13,autocatalysis,Inquire,contextual,1,within_2
P13,autocatalysis,Standardize,contextual,1,within_2
P13,autocatalysis,Standardize,direct,0,same_quote
P13,autocatalysis,Inquire,contextual,2,within_2
P13,autocatalysis,Act,contextual,1,within_2
P13,autocatalysis,Act,contextual,2,within_2
P13,autocatalysis,Act,contextual,2,within_2
P13,autocatalysis,Standardize,contextual,1,within_2
P13,autocatalysis,Act,contextual,1,within_2
P13,autocatalysis,Act,contextual,2,within_2
P13,high_customer_expectations,Act,direct,0,same_quote
P13,high_customer_expectations,Standardize,contextual,2,within_2
P13,high_customer_expectations,Act,contextual,1,within_2
P13,high_customer_expectations,Standardize,contextual,2,within_2
P13,high_customer_expectations,Act,direct,0,same_quote
P13,high_customer_expectations,Act,contextual,1,within_2
P13,high_customer_expectations,Standardize,contextual,1,within_2
P13,high_customer_expectations,Act,contextual,2,within_2
P13,high_customer_expectations,Standardize,direct,0,same_quote
P13,high_customer_expectations,Act,contextual,2,within_2
P13,high_customer_expectations,Act,contextual,1,within_2
P13,high_customer_expectations,Act,contextual,1,within_2
P13,high_customer_expectations,Train,contextual,2,within_2
P13,high_customer_expectations,Act,direct,0,same_quote
P13,high_customer_expectations,Act,contextual,2,within_2
P13,high_customer_expectations,Standardize,contextual,1,within_2
P13,high_customer_expectations,Train,contextual,1,within_2
P13,high_customer_expectations,Train,direct,0,same_quote
P13,high_customer_expectations,Standardize,contextual,2,within_2
P13,high_customer_expectations,Act,contextual,1,within_2
P13,high_customer_expectations,Act,contextual,2,within_2
P13,high_customer_expectations,Train,contextual,1,within_2
P13,high_customer_expectations,Inquire,contextual,2,within_2
P13,high_customer_expectations,Train,contextual,2,within_2
P13,high_customer_expectations,Inquire,contextual,1,within_2
P13,high_customer_expectations,Inquire,direct,0,same_quote
P14,process_disruption,Act,direct,0,same_quote
P14,process_disruption,Inquire,contextual,1,within_2
P14,process_disruption,Inquire,direct,0,same_quote
P14,process_disruption,Act,contextual,1,within_2
P14,process_disruption,Act,contextual,2,within_2
P14,process_disruption,Inquire,contextual,1,within_2
P14,process_disruption,Act,contextual,2,within_2
P14,process_disruption,Inquire,contextual,2,within_2
P14,process_disruption,Inquire,contextual,2,within_2
P14,process_disruption,Act,contextual,1,within_2
P14,process_disruption,Inquire,contextual,1,within_2
P14,process_disruption,Standardize,contextual,2,within_2
P14,process_disruption,Act,direct,0,same_quote
P14,process_disruption,Inquire,direct,0,same_quote
P14,process_disruption,Standardize,contextual,1,within_2
P14,process_disruption,Standardize,direct,0,same_quote
P14,process_disruption,Act,contextual,1,within_2
P14,process_disruption,Inquire,contextual,1,within_2
P14,process_disruption,Act,contextual,2,within_2
P14,process_disruption,Act,contextual,2,within_2
P14,process_disruption,Inquire,contextual,2,within_2
P14,process_disruption,Standardize,contextual,1,within_2
P14,process_disruption,Act,contextual,1,within_2
P14,process_disruption,Act,direct,0,same_quote
P14,process_disruption,Standardize,contextual,2,within_2
P14,process_disruption,Inquire,contextual,2,within_2
P14,process_disruption,Train,contextual,2,within_2
P14,process_disruption,Act,contextual,1,within_2
P14,process_disruption,Inquire,contextual,1,within_2
P14,process_disruption,Train,contextual,1,within_2
P14,process_disruption,Standardize,contextual,2,within_2
P14,process_disruption,Inquire,direct,0,same_quote
P14,process_disruption,Train,direct,0,same_quote
P14,process_disruption,Act,contextual,2,within_2
P14,process_disruption,Standardize,contextual,1,within_2
P14,high_customer_expectations,Standardize,direct,0,same_quote
P14,high_customer_expectations,Inquire,contextual,1,within_2
P14,high_customer_expectations,Train,contextual,1,within_2
P14,high_customer_expectations,Inquire,contextual,2,within_2
P14,high_customer_expectations,Inquire,contextual,2,within_2
P14,high_customer_expectations,Train,contextual,2,within_2
P14,high_customer_expectations,Standardize,contextual,1,within_2
P14,high_customer_expectations,Inquire,contextual,1,within_2
P14,high_customer_expectations,Act,contextual,2,within_2
P14,high_customer_expectations,Inquire,direct,0,same_quote
P14,high_customer_expectations,Standardize,contextual,2,within_2
P14,high_customer_expectations,Act,contextual,1,within_2
P14,high_customer_expectations,Act,direct,0,same_quote
P14,high_customer_expectations,Inquire,contextual,1,within_2
P14,high_customer_expectations,Act,contextual,2,within_2
P14,high_customer_expectations,Inquire,contextual,2,within_2
P14,high_customer_expectations,Act,contextual,1,within_2
P14,high_customer_expectations,Act,contextual,1,within_2
P14,high_customer_expectations,Act,contextual,2,within_2
P14,high_customer_expectations,Act,direct,0,same_quote
P14,high_customer_expectations,Act,contextual,2,within_2
P14,high_customer_expectations,Act,contextual,1,within_2
P14,high_customer_expectations,Act,direct,0,same_quote
P14,high_customer_expectations,Act,contextual,1,within_2
P14,stochastic_uncertainty,Act,contextual,2,within_2
P14,stochastic_uncertainty,Act,contextual,1,within_2
P14,stochastic_uncertainty,Act,contextual,2,within_2
P14,stochastic_uncertainty,Act,contextual,2,within_2
P14,stochastic_uncertainty,Act,contextual,1,within_2
P14,stochastic_uncertainty,Act,contextual,2,within_2
P14,stochastic_uncertainty,Train,contextual,2,within_2
P14,stochastic_uncertainty,Act,direct,0,same_quote
P14,stochastic_uncertainty,Act,contextual,1,within_2
P14,stochastic_uncertainty,Train,contextual,1,within_2
P14,stochastic_uncertainty,Act,direct,0,same_quote
P14,stochastic_uncertainty,Train,direct,0,same_quote
P14,stochastic_uncertainty,Act,contextual,1,within_2
P14,stochastic_uncertainty,Act,contextual,2,within_2
P14,stochastic_uncertainty,Act,contextual,2,within_2
P14,stochastic_uncertainty,Act,contextual,1,within_2
P14,stochastic_uncertainty,Train,contextual,1,within_2
P14,stochastic_uncertainty,Act,contextual,1,within_2
P14,stochastic_uncertainty,Act,contextual,2,within_2
P14,stochastic_uncertainty,Standardize,contextual,2,within_2
P14,stochastic_uncertainty,Act,direct,0,same_quote
P14,stochastic_uncertainty,Act,contextual,2,within_2
P14,stochastic_uncertainty,Train,contextual,2,within_2
P14,stochastic_uncertainty,Act,contextual,1,within_2
P14,stochastic_uncertainty,Standardize,contextual,1,within_2
P14,stochastic_uncertainty,Train,contextual,2,within_2
P14,stochastic_uncertainty,Act,direct,0,same_quote
P14,stochastic_uncertainty,Standardize,direct,0,same_quote
P14,stochastic_uncertainty,Act,contextual,1,within_2
P14,stochastic_uncertainty,Train,contextual,1,within_2
P14,stochastic_uncertainty,Act,contextual,2,within_2
P14,stochastic_uncertainty,Train,contextual,2,within_2
P14,autocatalysis,Train,direct,0,same_quote
P14,autocatalysis,Act,contextual,2,within_2
P14,autocatalysis,Act,contextual,1,within_2
P14,autocatalysis,Standardize,contextual,1,within_2
P14,autocatalysis,Act,contextual,1,within_2
P14,autocatalysis,Train,contextual,1,within_2
P14,autocatalysis,Standardize,contextual,2,within_2
P14,autocatalysis,Act,direct,0,same_quote
P14,autocatalysis,Train,direct,0,same_quote
P14,autocatalysis,Act,contextual,2,within_2
P14,autocatalysis,Standardize,contextual,2,within_2
P14,autocatalysis,Train,contextual,1,within_2
P14,autocatalysis,Standardize,contextual,1,within_2
P14,autocatalysis,Standardize,contextual,2,within_2
P14,autocatalysis,Standardize,direct,0,same_quote
P14,autocatalysis,Train,contextual,2,within_2
P14,autocatalysis,Act,contextual,1,within_2
P14,autocatalysis,Train,contextual,1,within_2
P14,autocatalysis,Standardize,contextual,1,within_2
P14,autocatalysis,Act,contextual,2,within_2
P14,autocatalysis,Standardize,direct,0,same_quote
P14,autocatalysis,Act,contextual,2,within_2
P14,autocatalysis,Train,contextual,2,within_2
P14,autocatalysis,Standardize,contextual,1,within_2
P14,autocatalysis,Act,contextual,1,within_2
P14,autocatalysis,Act,direct,0,same_quote
P14,autocatalysis,Standardize,contextual,2,within_2
P14,autocatalysis,Standardize,contextual,1,within_2
P14,autocatalysis,Standardize,contextual,2,within_2
P14,autocatalysis,Act,contextual,1,within_2
P14,autocatalysis,Act,contextual,2,within_2
P14,autocatalysis,Act,contextual,2,within_2
P14,autocatalysis,Act,contextual,1,within_2
P14,autocatalysis,Train,contextual,2,within_2
P14,autocatalysis,Act,direct,0,same_quote
P14,autocatalysis,Train,contextual,1,within_2
P14,autocatalysis,Train,direct,0,same_quote
P14,autocatalysis,Act,contextual,1,within_2
P15,high_customer_expectations,Act,direct,0,same_quote
P15,high_customer_expectations,Train,direct,0,same_quote
P15,high_customer_expectations,Inquire,contextual,1,within_2
P15,high_customer_expectations,Train,contextual,2,within_2
P15,high_customer_expectations,Standardize,contextual,2,within_2
P15,high_customer_expectations,Inquire,direct,0,same_quote
P15,high_customer_expectations,Act,contextual,1,within_2
P15,high_customer_expectations,Train,contextual,1,within_2
P15,high_customer_expectations,Train,contextual,1,within_2
P15,high_customer_expectations,Standardize,contextual,1,within_2
P15,high_customer_expectations,Act,contextual,2,within_2
P15,high_customer_expectations,Inquire,contextual,2,within_2
P15,high_customer_expectations,Train,direct,0,same_quote
P15,high_customer_expectations,Standardize,direct,0,same_quote
P15,high_customer_expectations,Act,contextual,2,within_2
P15,high_customer_expectations,Train,contextual,2,within_2
P15,high_customer_expectations,Inquire,contextual,1,within_2
P15,high_customer_expectations,Act,contextual,1,within_2
P15,high_customer_expectations,Inquire,contextual,1,within_2
P15,high_customer_expectations,Standardize,contextual,2,within_2
P15,high_customer_expectations,Act,direct,0,same_quote
P15,high_customer_expectations,Inquire,direct,0,same_quote
P15,high_customer_expectations,Inquire,contextual,2,within_2
P15,high_customer_expectations,Train,contextual,1,within_2
P15,high_customer_expectations,Standardize,contextual,1,within_2
P15,high_customer_expectations,Standardize,contextual,1,within_2
P15,high_customer_expectations,Act,contextual,2,within_2
P15,high_customer_expectations,Standardize,direct,0,same_quote
P15,high_customer_expectations,Train,contextual,2,within_2
P15,high_customer_expectations,Standardize,contextual,2,within_2
P15,high_customer_expectations,Act,contextual,1,within_2
P15,high_customer_expectations,Inquire,contextual,1,within_2
P15,high_customer_expectations,Act,contextual,1,within_2
P15,high_customer_expectations,Act,direct,0,same_quote
P15,high_customer_expectations,Act,contextual,2,within_2
P15,high_customer_expectations,Inquire,contextual,2,within_2
P15,high_customer_expectations,Standardize,contextual,1,within_2
P15,high_customer_expectations,Act,contextual,2,within_2
P15,high_customer_expectations,Standardize,contextual,2,within_2
P15,high_customer_expectations,Act,contextual,1,within_2
P15,high_customer_expectations,Act,contextual,1,within_2
P15,high_customer_expectations,Inquire,contextual,2,within_2
P15,process_disruption,Act,direct,0,same_quote
P15,process_disruption,Act,contextual,2,within_2
P15,process_disruption,Inquire,contextual,1,within_2
P15,process_disruption,Act,contextual,2,within_2
P15,process_disruption,Inquire,direct,0,same_quote
P15,process_disruption,Act,contextual,1,within_2
P15,process_disruption,Act,contextual,1,within_2
P15,process_disruption,Standardize,contextual,2,within_2
P15,process_disruption,Act,direct,0,same_quote
P15,process_disruption,Act,contextual,2,within_2
P15,process_disruption,Inquire,contextual,1,within_2
P15,process_disruption,Standardize,contextual,1,within_2
P15,process_disruption,Train,contextual,2,within_2
P15,process_disruption,Inquire,contextual,2,within_2
P15,process_disruption,Standardize,direct,0,same_quote
P15,process_disruption,Inquire,contextual,2,within_2
P15,process_disruption,Act,contextual,1,within_2
P15,process_disruption,Train,contextual,1,within_2
P15,process_disruption,Inquire,contextual,1,within_2
P15,process_disruption,Act,contextual,2,within_2
P15,process_disruption,Train,direct,0,same_quote
P15,process_disruption,Inquire,direct,0,same_quote
P15,process_disruption,Act,contextual,2,within_2
P15,process_disruption,Standardize,contextual,1,within_2
P15,process_disruption,Act,contextual,1,within_2
P15,process_disruption,Standardize,contextual,2,within_2
P15,process_disruption,Act,direct,0,same_quote
P15,process_disruption,Standardize,contextual,2,within_2
P15,process_disruption,Train,contextual,1,within_2
P15,process_disruption,Inquire,contextual,1,within_2
P15,process_disruption,Standardize,contextual,1,within_2
P15,process_disruption,Act,contextual,2,within_2
P15,process_disruption,Standardize,direct,0,same_quote
P15,process_disruption,Train,contextual,2,within_2
P15,process_disruption,Inquire,contextual,2,within_2
P15,process_disruption,Act,contextual,1,within_2
P15,process_disruption,Act,contextual,1,within_2
P15,process_disruption,Inquire,contextual,2,within_2
P15,process_disruption,Act,direct,0,same_quote
P15,process_disruption,Act,contextual,2,within_2
P15,process_disruption,Standardize,contextual,1,within_2
P15,process_disruption,Inquire,contextual,1,within_2
P15,process_disruption,Act,contextual,2,within_2
P15,process_disruption,Inquire,direct,0,same_quote
P15,process_disruption,Standardize,contextual,2,within_2
P15,process_disruption,Act,contextual,1,within_2
P15,process_disruption,Act,contextual,1,within_2
P15,process_disruption,Inquire,contextual,2,within_2
P15,stochastic_uncertainty,Act,direct,0,same_quote
P15,stochastic_uncertainty,Act,contextual,2,within_2
P15,stochastic_uncertainty,Inquire,contextual,1,within_2
P15,stochastic_uncertainty,Inquire,contextual,1,within_2
P15,stochastic_uncertainty,Act,contextual,2,within_2
P15,stochastic_uncertainty,Inquire,direct,0,same_quote
P15,stochastic_uncertainty,Inquire,contextual,2,within_2
P15,stochastic_uncertainty,Act,contextual,1,within_2
P15,stochastic_uncertainty,Act,contextual,1,within_2
P15,stochastic_uncertainty,Act,contextual,2,within_2
P15,stochastic_uncertainty,Standardize,contextual,2,within_2
P15,stochastic_uncertainty,Act,direct,0,same_quote
P15,stochastic_uncertainty,Act,contextual,2,within_2
P15,stochastic_uncertainty,Inquire,contextual,1,within_2
P15,stochastic_uncertainty,Act,contextual,1,within_2
P15,stochastic_uncertainty,Standardize,contextual,1,within_2
P15,stochastic_uncertainty,Act,contextual,2,within_2
P15,stochastic_uncertainty,Standardize,contextual,2,within_2
P15,stochastic_uncertainty,Act,direct,0,same_quote
P15,stochastic_uncertainty,Standardize,direct,0,same_quote
P15,stochastic_uncertainty,Inquire,contextual,2,within_2
P15,stochastic_uncertainty,Act,contextual,1,within_2
P15,stochastic_uncertainty,Act,contextual,1,within_2
P15,stochastic_uncertainty,Standardize,contextual,1,within_2
P15,stochastic_uncertainty,Act,direct,0,same_quote
P15,stochastic_uncertainty,Standardize,direct,0,same_quote
P15,stochastic_uncertainty,Act,contextual,2,within_2
P15,stochastic_uncertainty,Act,contextual,1,within_2
P15,stochastic_uncertainty,Standardize,contextual,1,within_2
P15,stochastic_uncertainty,Standardize,contextual,2,within_2
P15,stochastic_uncertainty,Act,contextual,2,within_2
P15,stochastic_uncertainty,Standardize,contextual,2,within_2
P15,stochastic_uncertainty,Act,contextual,1,within_2
P15,stochastic_uncertainty,Standardize,contextual,1,within_2
P15,stochastic_uncertainty,Standardize,contextual,1,within_2
P15,stochastic_uncertainty,Act,contextual,2,within_2
P15,stochastic_uncertainty,Standardize,direct,0,same_quote
P15,stochastic_uncertainty,Act,contextual,2,within_2
P15,stochastic_uncertainty,Standardize,contextual,2,within_2
P15,stochastic_uncertainty,Act,contextual,1,within_2
P15,stochastic_uncertainty,Act,contextual,2,within_2
P15,stochastic_uncertainty,Act,direct,0,same_quote
P15,stochastic_uncertainty,Standardize,contextual,1,within_2
P15,stochastic_uncertainty,Act,contextual,1,within_2
P15,stochastic_uncertainty,Inquire,contextual,2,within_2
P15,stochastic_uncertainty,Act,direct,0,same_quote
P15,stochastic_uncertainty,Standardize,contextual,2,within_2
P15,stochastic_uncertainty,Act,contextual,1,within_2
P15,stochastic_uncertainty,Inquire,contextual,1,within_2
P15,autocatalysis,Inquire,direct,0,same_quote
P15,autocatalysis,Act,contextual,2,within_2
P15,autocatalysis,Act,contextual,1,within_2
P15,autocatalysis,Train,contextual,2,within_2
P15,autocatalysis,Act,contextual,2,within_2
P15,autocatalysis,Inquire,contextual,1,within_2
P15,autocatalysis,Train,contextual,1,within_2
P15,autocatalysis,Inquire,contextual,2,within_2
P15,autocatalysis,Train,direct,0,same_quote
P15,autocatalysis,Inquire,contextual,2,within_2
P15,autocatalysis,Inquire,contextual,1,within_2
P15,autocatalysis,Standardize,contextual,2,within_2
P15,autocatalysis,Inquire,direct,0,same_quote
P15,autocatalysis,Train,contextual,1,within_2
P15,autocatalysis,Standardize,contextual,1,within_2
P15,autocatalysis,Inquire,contextual,2,within_2
P15,autocatalysis,Standardize,direct,0,same_quote
P15,autocatalysis,Train,contextual,2,within_2
P15,autocatalysis,Inquire,contextual,1,within_2
P15,autocatalysis,Inquire,contextual,1,within_2
P15,autocatalysis,Act,contextual,2,within_2
P15,autocatalysis,Standardize,contextual,2,within_2
P15,autocatalysis,Inquire,direct,0,same_quote
P15,autocatalysis,Inquire,contextual,2,within_2
P15,autocatalysis,Standardize,contextual,1,within_2
P15,autocatalysis,Act,contextual,1,within_2
P15,autocatalysis,Standardize,contextual,1,within_2
P15,autocatalysis,Act,direct,0,same_quote
P15,autocatalysis,Standardize,direct,0,same_quote
P15,autocatalysis,Standardize,contextual,2,within_2
P15,autocatalysis,Inquire,contextual,1,within_2
P16,autocatalysis,Train,direct,0,same_quote
P16,autocatalysis,Inquire,contextual,1,within_2
P16,autocatalysis,Act,contextual,2,within_2
P16,autocatalysis,Inquire,direct,0,same_quote
P16,autocatalysis,Train,contextual,1,within_2
P16,autocatalysis,Act,contextual,1,within_2
P16,autocatalysis,Inquire,contextual,2,within_2
P16,autocatalysis,Act,direct,0,same_quote
P16,autocatalysis,Train,contextual,2,within_2
P16,autocatalysis,Inquire,contextual,1,within_2
P16,autocatalysis,Inquire,contextual,1,within_2
P16,autocatalysis,Standardize,contextual,2,within_2
P16,autocatalysis,Inquire,direct,0,same_quote
P16,autocatalysis,Inquire,contextual,2,within_2
P16,autocatalysis,Act,contextual,1,within_2
P16,autocatalysis,Standardize,contextual,1,within_2
P16,autocatalysis,Train,contextual,2,within_2
P16,autocatalysis,Standardize,direct,0,same_quote
P16,autocatalysis,Act,contextual,2,within_2
P16,autocatalysis,Inquire,contextual,1,within_2
P16,autocatalysis,Train,contextual,1,within_2
P16,autocatalysis,Act,contextual,2,within_2
P16,autocatalysis,Inquire,contextual,2,within_2
P16,autocatalysis,Train,direct,0,same_quote
P16,autocatalysis,Inquire,contextual,2,within_2
P16,autocatalysis,Standardize,contextual,1,within_2
P16,autocatalysis,Act,contextual,1,within_2
P16,autocatalysis,Inquire,contextual,1,within_2
P16,autocatalysis,Act,direct,0,same_quote
P16,autocatalysis,Inquire,direct,0,same_quote
P16,autocatalysis,Standardize,contextual,2,within_2
P16,autocatalysis,Train,contextual,1,within_2
P16,autocatalysis,Inquire,contextual,2,within_2
P16,autocatalysis,Train,contextual,2,within_2
P16,autocatalysis,Act,contextual,1,within_2
P16,autocatalysis,Inquire,contextual,1,within_2
P16,autocatalysis,Inquire,contextual,1,within_2
P16,autocatalysis,Act,contextual,2,within_2
P16,high_customer_expectations,Inquire,direct,0,same_quote
P16,high_customer_expectations,Act,contextual,2,within_2
P16,high_customer_expectations,Inquire,contextual,2,within_2
P16,high_customer_expectations,Act,contextual,1,within_2
P16,high_customer_expectations,Train,contextual,2,within_2
P16,high_customer_expectations,Act,direct,0,same_quote
P16,high_customer_expectations,Inquire,contextual,1,within_2
P16,high_customer_expectations,Train,contextual,1,within_2
P16,high_customer_expectations,Inquire,contextual,2,within_2
P16,high_customer_expectations,Train,direct,0,same_quote
P16,high_customer_expectations,Inquire,contextual,2,within_2
P16,high_customer_expectations,Act,contextual,1,within_2
P16,high_customer_expectations,Inquire,contextual,1,within_2
P16,high_customer_expectations,Inquire,direct,0,same_quote
P16,high_customer_expectations,Act,contextual,2,within_2
P16,high_customer_expectations,Train,contextual,1,within_2
P16,high_customer_expectations,Inquire,contextual,2,within_2
P16,high_customer_expectations,Train,contextual,2,within_2
P16,high_customer_expectations,Inquire,contextual,1,within_2
P16,high_customer_expectations,Inquire,contextual,1,within_2
P16,high_customer_expectations,Standardize,contextual,2,within_2
P16,high_customer_expectations,Inquire,direct,0,same_quote
P16,high_customer_expectations,Inquire,contextual,2,within_2
P16,high_customer_expectations,Standardize,contextual,1,within_2
P16,high_customer_expectations,Inquire,contextual,2,within_2
P16,high_customer_expectations,Standardize,direct,0,same_quote
P16,high_customer_expectations,Inquire,contextual,1,within_2
P16,high_customer_expectations,Inquire,contextual,1,within_2
P16,high_customer_expectations,Inquire,direct,0,same_quote
P16,high_customer_expectations,Inquire,contextual,2,within_2
P16,high_customer_expectations,Standardize,contextual,1,within_2
P16,high_customer_expectations,Act,contextual,2,within_2
P16,stochastic_uncertainty,Standardize,contextual,2,within_2
P16,stochastic_uncertainty,Inquire,contextual,1,within_2
P16,stochastic_uncertainty,Act,contextual,1,within_2
P16,stochastic_uncertainty,Inquire,contextual,2,within_2
P16,stochastic_uncertainty,Act,direct,0,same_quote
P16,stochastic_uncertainty,Inquire,contextual,2,within_2
P16,stochastic_uncertainty,Inquire,contextual,1,within_2
P16,stochastic_uncertainty,Inquire,direct,0,same_quote
P16,stochastic_uncertainty,Act,contextual,1,within_2
P16,stochastic_uncertainty,Inquire,contextual,2,within_2
P16,stochastic_uncertainty,Act,contextual,2,within_2
P16,stochastic_uncertainty,Inquire,contextual,1,within_2
P16,stochastic_uncertainty,Inquire,contextual,1,within_2
P16,stochastic_uncertainty,Inquire,direct,0,same_quote
P16,stochastic_uncertainty,Inquire,contextual,2,within_2
P16,stochastic_uncertainty,Act,contextual,2,within_2
P16,stochastic_uncertainty,Standardize,contextual,2,within_2
P16,stochastic_uncertainty,Inquire,contextual,1,within_2
P16,stochastic_uncertainty,Act,contextual,1,within_2
P16,stochastic_uncertainty,Standardize,contextual,1,within_2
P16,stochastic_uncertainty,Standardize,contextual,2,within_2
P16,process_disruption,Act,direct,0,same_quote
P16,process_disruption,Standardize,direct,0,same_quote
P16,process_disruption,Inquire,contextual,2,within_2
P16,process_disruption,Standardize,contextual,1,within_2
P16,process_disruption,Standardize,direct,0,same_quote
P16,process_disruption,Act,contextual,1,within_2
P16,process_disruption,Standardize,contextual,1,within_2
P16,process_disruption,Inquire,contextual,2,within_2
P16,process_disruption,Act,contextual,2,within_2
P16,process_disruption,Standardize,contextual,2,within_2
P16,process_disruption,Standardize,contextual,1,within_2
P16,process_disruption,Inquire,contextual,1,within_2
P16,process_disruption,Act,contextual,2,within_2
P16,process_disruption,Standardize,contextual,2,within_2
P16,process_disruption,Inquire,direct,0,same_quote
P16,process_disruption,Standardize,contextual,2,within_2
P16,process_disruption,Act,contextual,1,within_2
P16,process_disruption,Standardize,contextual,1,within_2
P16,process_disruption,Train,contextual,2,within_2
P16,process_disruption,Act,direct,0,same_quote
P16,process_disruption,Standardize,direct,0,same_quote
P16,process_disruption,Inquire,contextual,1,within_2
P16,process_disruption,Train,contextual,1,within_2
P16,process_disruption,Inquire,contextual,2,within_2
P16,process_disruption,Train,direct,0,same_quote
P16,process_disruption,Inquire,contextual,2,within_2
P16,process_disruption,Act,contextual,1,within_2
P16,process_disruption,Standardize,contextual,1,within_2
P16,process_disruption,Inquire,contextual,1,within_2
P16,process_disruption,Inquire,direct,0,same_quote
P16,process_disruption,Act,contextual,2,within_2
P16,process_disruption,Standardize,contextual,2,within_2
P16,process_disruption,Train,contextual,1,within_2
P17,high_customer_expectations,Act,direct,0,same_quote
P17,high_customer_expectations,Standardize,direct,0,same_quote
P17,high_customer_expectations,Standardize,contextual,1,within_2
P17,high_customer_expectations,Act,contextual,2,within_2
P17,high_customer_expectations,Standardize,contextual,2,within_2
P17,high_customer_expectations,Standardize,direct,0,same_quote
P17,high_customer_expectations,Act,contextual,1,within_2
P17,high_customer_expectations,Standardize,contextual,1,within_2
P17,high_customer_expectations,Act,contextual,1,within_2
P17,high_customer_expectations,Standardize,contextual,1,within_2
P17,high_customer_expectations,Act,contextual,2,within_2
P17,high_customer_expectations,Act,direct,0,same_quote
P17,high_customer_expectations,Standardize,direct,0,same_quote
P17,high_customer_expectations,Act,contextual,2,within_2
P17,high_customer_expectations,Standardize,contextual,2,within_2
P17,high_customer_expectations,Standardize,contextual,1,within_2
P17,high_customer_expectations,Act,contextual,1,within_2
P17,high_customer_expectations,Act,contextual,2,within_2
P17,high_customer_expectations,Act,direct,0,same_quote
P17,high_customer_expectations,Standardize,contextual,2,within_2
P17,high_customer_expectations,Act,contextual,1,within_2
P17,high_customer_expectations,Standardize,contextual,1,within_2
P17,high_customer_expectations,Act,contextual,1,within_2
P17,high_customer_expectations,Train,contextual,2,within_2
P17,high_customer_expectations,Act,direct,0,same_quote
P17,high_customer_expectations,Act,contextual,2,within_2
P17,high_customer_expectations,Standardize,contextual,2,within_2
P17,high_customer_expectations,Act,contextual,1,within_2
P17,high_customer_expectations,Train,contextual,1,within_2
P17,high_customer_expectations,Act,contextual,2,within_2
P17,high_customer_expectations,Train,direct,0,same_quote
P17,high_customer_expectations,Act,contextual,2,within_2
P17,high_customer_expectations,Act,contextual,1,within_2
P17,high_customer_expectations,Act,contextual,1,within_2
P17,high_customer_expectations,Act,contextual,2,within_2
P17,autocatalysis,Act,direct,0,same_quote
P17,autocatalysis,Act,contextual,2,within_2
P17,autocatalysis,Train,contextual,1,within_2
P17,autocatalysis,Act,contextual,1,within_2
P17,autocatalysis,Act,direct,0,same_quote
P17,autocatalysis,Train,contextual,2,within_2
P17,autocatalysis,Act,contextual,1,within_2
P17,autocatalysis,Act,contextual,2,within_2
P17,autocatalysis,Act,contextual,2,within_2
P17,autocatalysis,Act,contextual,1,within_2
P17,autocatalysis,Act,contextual,1,within_2
P17,autocatalysis,Standardize,contextual,2,within_2
P17,autocatalysis,Act,direct,0,same_quote
P17,autocatalysis,Act,contextual,2,within_2
P17,autocatalysis,Standardize,contextual,1,within_2
P17,autocatalysis,Act,contextual,2,within_2
P17,autocatalysis,Standardize,direct,0,same_quote
P17,autocatalysis,Act,contextual,1,within_2
P17,autocatalysis,Act,contextual,1,within_2
P17,autocatalysis,Act,contextual,2,within_2
P17,autocatalysis,Act,direct,0,same_quote
P17,autocatalysis,Act,contextual,2,within_2
P17,autocatalysis,Standardize,contextual,1,within_2
P17,autocatalysis,Act,contextual,1,within_2
P17,autocatalysis,Train,contextual,2,within_2
P17,autocatalysis,Act,direct,0,same_quote
P17,autocatalysis,Standardize,contextual,2,within_2
P17,autocatalysis,Act,contextual,1,within_2
P17,autocatalysis,Train,contextual,1,within_2
P17,autocatalysis,Train,direct,0,same_quote
P17,autocatalysis,Act,contextual,2,within_2
P17,autocatalysis,Act,contextual,1,within_2
P17,autocatalysis,Standardize,contextual,2,within_2
P17,autocatalysis,Act,contextual,2,within_2
P17,autocatalysis,Train,contextual,1,within_2
P17,autocatalysis,Standardize,contextual,1,within_2
P17,autocatalysis,Act,contextual,2,within_2
P17,autocatalysis,Standardize,direct,0,same_quote
P17,autocatalysis,Train,contextual,2,within_2
P17,autocatalysis,Act,contextual,1,within_2
P17,stochastic_uncertainty,Act,direct,0,same_quote
P17,stochastic_uncertainty,Standardize,contextual,1,within_2
P17,stochastic_uncertainty,Act,contextual,2,within_2
P17,stochastic_uncertainty,Standardize,contextual,2,within_2
P17,stochastic_uncertainty,Act,contextual,1,within_2
P17,stochastic_uncertainty,Act,contextual,1,within_2
P17,stochastic_uncertainty,Act,contextual,2,within_2
P17,stochastic_uncertainty,Act,direct,0,same_quote
P17,stochastic_uncertainty,Act,contextual,2,within_2
P17,stochastic_uncertainty,Act,contextual,1,within_2
P17,stochastic_uncertainty,Act,direct,0,same_quote
P17,stochastic_uncertainty,Act,contextual,1,within_2
P17,stochastic_uncertainty,Act,contextual,2,within_2
P17,stochastic_uncertainty,Standardize,contextual,2,within_2
P17,stochastic_uncertainty,Act,contextual,2,within_2
P17,stochastic_uncertainty,Act,contextual,1,within_2
P17,stochastic_uncertainty,Act,contextual,1,within_2
P17,stochastic_uncertainty,Standardize,contextual,1,within_2
P17,stochastic_uncertainty,Act,contextual,2,within_2
P17,stochastic_uncertainty,Act,direct,0,same_quote
P17,stochastic_uncertainty,Standardize,direct,0,same_quote
P17,stochastic_uncertainty,Act,contextual,2,within_2
P17,stochastic_uncertainty,Act,contextual,1,within_2
P17,stochastic_uncertainty,Act,direct,0,same_quote
P17,stochastic_uncertainty,Act,contextual,1,within_2
P17,stochastic_uncertainty,Standardize,contextual,1,within_2
P17,stochastic_uncertainty,Standardize,contextual,2,within_2
P17,stochastic_uncertainty,Act,contextual,2,within_2
P17,stochastic_uncertainty,Standardize,contextual,2,within_2
P17,stochastic_uncertainty,Act,contextual,1,within_2
P17,stochastic_uncertainty,Standardize,contextual,1,within_2
P17,stochastic_uncertainty,Act,contextual,2,within_2
P17,stochastic_uncertainty,Standardize,contextual,2,within_2
P17,process_disruption,Standardize,direct,0,same_quote
P17,process_disruption,Act,contextual,2,within_2
P17,process_disruption,Act,contextual,1,within_2
P17,process_disruption,Standardize,contextual,1,within_2
P17,process_disruption,Act,direct,0,same_quote
P17,process_disruption,Standardize,direct,0,same_quote
P17,process_disruption,Standardize,contextual,1,within_2
P17,process_disruption,Act,contextual,2,within_2
P17,process_disruption,Standardize,contextual,2,within_2
P17,process_disruption,Act,contextual,1,within_2
P17,process_disruption,Standardize,contextual,1,within_2
P17,process_disruption,Act,contextual,1,within_2
P17,process_disruption,Act,contextual,2,within_2
P17,process_disruption,Act,direct,0,same_quote
P17,process_disruption,Act,contextual,2,within_2
P17,process_disruption,Standardize,contextual,2,within_2
P17,process_disruption,Act,contextual,1,within_2
P17,process_disruption,Act,contextual,2,within_2
P17,process_disruption,Act,direct,0,same_quote
P17,process_disruption,Act,contextual,1,within_2
P17,process_disruption,Act,contextual,1,within_2
P17,process_disruption,Act,contextual,2,within_2
P17,process_disruption,Standardize,contextual,2,within_2
P17,process_disruption,Act,direct,0,same_quote
P17,process_disruption,Act,contextual,2,within_2
P17,process_disruption,Act,contextual,1,within_2
P17,process_disruption,Act,contextual,1,within_2
P17,process_disruption,Standardize,contextual,1,within_2
P17,process_disruption,Train,contextual,2,within_2
P17,process_disruption,Act,direct,0,same_quote
P17,process_disruption,Standardize,direct,0,same_quote
P17,process_disruption,Act,contextual,2,within_2
P17,process_disruption,Act,contextual,1,within_2
P17,process_disruption,Train,contextual,1,within_2
P17,process_disruption,Act,contextual,2,within_2
P17,process_disruption,Train,direct,0,same_quote
P17,process_disruption,Act,contextual,2,within_2
P17,process_disruption,Act,contextual,1,within_2
P17,process_disruption,Standardize,contextual,1,within_2
P17,process_disruption,Act,contextual,1,within_2
P17,process_disruption,Standardize,contextual,2,within_2
P17,process_disruption,Act,direct,0,same_quote
P17,process_disruption,Act,contextual,2,within_2
P17,process_disruption,Standardize,contextual,2,within_2
P17,process_disruption,Train,contextual,1,within_2
P17,process_disruption,Standardize,contextual,1,within_2
P17,process_disruption,Standardize,direct,0,same_quote
P17,process_disruption,Train,contextual,2,within_2
P17,process_disruption,Act,contextual,1,within_2
P18,autocatalysis,Train,direct,0,same_quote
P18,autocatalysis,Standardize,contextual,2,within_2
P18,autocatalysis,Train,contextual,1,within_2
P18,autocatalysis,Standardize,contextual,1,within_2
P18,autocatalysis,Standardize,direct,0,same_quote
P18,autocatalysis,Train,contextual,2,within_2
P18,autocatalysis,Standardize,contextual,1,within_2
P18,autocatalysis,Act,contextual,2,within_2
P18,autocatalysis,Standardize,contextual,2,within_2
P18,autocatalysis,Act,contextual,1,within_2
P18,autocatalysis,Act,direct,0,same_quote
P18,autocatalysis,Act,contextual,1,within_2
P18,autocatalysis,Train,contextual,2,within_2
P18,process_disruption,Act,contextual,2,within_2
P18,process_disruption,Train,contextual,1,within_2
P18,process_disruption,Train,contextual,2,within_2
P18,process_disruption,Train,direct,0,same_quote
P18,process_disruption,Train,contextual,1,within_2
P18,process_disruption,Act,contextual,2,within_2
P18,process_disruption,Train,direct,0,same_quote
P18,process_disruption,Train,contextual,1,within_2
P18,process_disruption,Act,contextual,1,within_2
P18,process_disruption,Act,direct,0,same_quote
P18,process_disruption,Train,contextual,2,within_2
P18,process_disruption,Train,contextual,1,within_2
P18,process_disruption,Train,contextual,2,within_2
P18,process_disruption,Act,contextual,1,within_2
P18,process_disruption,Inquire,contextual,2,within_2
P18,process_disruption,Act,contextual,2,within_2
P18,process_disruption,Inquire,contextual,1,within_2
P18,process_disruption,Inquire,contextual,2,within_2
P18,process_disruption,Inquire,direct,0,same_quote
P18,process_disruption,Inquire,contextual,1,within_2
P18,process_disruption,Act,contextual,2,within_2
P18,process_disruption,Inquire,direct,0,same_quote
P18,process_disruption,Inquire,contextual,1,within_2
P18,process_disruption,Act,contextual,1,within_2
P18,process_disruption,Act,direct,0,same_quote
P18,process_disruption,Inquire,contextual,2,within_2
P18,process_disruption,Inquire,contextual,1,within_2
P18,process_disruption,Train,contextual,2,within_2
P18,process_disruption,Inquire,contextual,2,within_2
P18,process_disruption,Act,contextual,1,within_2
P18,process_disruption,Train,contextual,1,within_2
P18,process_disruption,Inquire,contextual,2,within_2
P18,process_disruption,Train,direct,0,same_quote
P18,process_disruption,Act,contextual,2,within_2
P18,process_disruption,Inquire,contextual,1,within_2
P18,process_disruption,Inquire,contextual,2,within_2
P18,process_disruption,Inquire,direct,0,same_quote
P18,process_disruption,Train,contextual,1,within_2
P18,process_disruption,Inquire,contextual,1,within_2
P18,process_disruption,Act,contextual,2,within_2
P18,high_customer_expectations,Inquire,direct,0,same_quote
P18,high_customer_expectations,Train,contextual,2,within_2
P18,high_customer_expectations,Inquire,contextual,1,within_2
P18,high_customer_expectations,Act,contextual,1,within_2
P18,high_customer_expectations,Act,direct,0,same_quote
P18,high_customer_expectations,Inquire,contextual,2,within_2
P18,high_customer_expectations,Inquire,contextual,1,within_2
P18,high_customer_expectations,Inquire,contextual,2,within_2
P18,high_customer_expectations,Act,contextual,1,within_2
P18,high_customer_expectations,Inquire,contextual,2,within_2
P18,high_customer_expectations,Act,contextual,2,within_2
P18,high_customer_expectations,Inquire,contextual,1,within_2
P18,high_customer_expectations,Inquire,direct,0,same_quote
P18,high_customer_expectations,Inquire,contextual,2,within_2
P18,high_customer_expectations,Train,contextual,2,within_2
P18,high_customer_expectations,Inquire,contextual,1,within_2
P18,high_customer_expectations,Inquire,contextual,1,within_2
P18,high_customer_expectations,Train,contextual,1,within_2
P18,high_customer_expectations,Act,contextual,2,within_2
P18,high_customer_expectations,Standardize,contextual,2,within_2
P18,stochastic_uncertainty,Inquire,direct,0,same_quote
P18,stochastic_uncertainty,Train,direct,0,same_quote
P18,stochastic_uncertainty,Inquire,contextual,2,within_2
P18,stochastic_uncertainty,Act,contextual,1,within_2
P18,stochastic_uncertainty,Standardize,contextual,1,within_2
P18,stochastic_uncertainty,Act,contextual,2,within_2
P18,stochastic_uncertainty,Act,direct,0,same_quote
P18,stochastic_uncertainty,Standardize,direct,0,same_quote
P18,stochastic_uncertainty,Inquire,contextual,1,within_2
P18,stochastic_uncertainty,Train,contextual,1,within_2
P18,stochastic_uncertainty,Act,contextual,1,within_2
P18,stochastic_uncertainty,Act,contextual,2,within_2
P18,stochastic_uncertainty,Standardize,contextual,2,within_2
P18,stochastic_uncertainty,Act,direct,0,same_quote
P18,stochastic_uncertainty,Inquire,contextual,2,within_2
P18,stochastic_uncertainty,Train,contextual,2,within_2
P18,stochastic_uncertainty,Act,contextual,1,within_2
P18,stochastic_uncertainty,Standardize,contextual,1,within_2
P18,stochastic_uncertainty,Act,contextual,1,within_2
P18,stochastic_uncertainty,Standardize,contextual,1,within_2
P18,stochastic_uncertainty,Act,contextual,2,within_2
P18,stochastic_uncertainty,Act,direct,0,same_quote
P18,stochastic_uncertainty,Standardize,direct,0,same_quote
P18,stochastic_uncertainty,Act,contextual,2,within_2
P18,stochastic_uncertainty,Standardize,contextual,2,within_2
P18,stochastic_uncertainty,Act,contextual,1,within_2
P18,stochastic_uncertainty,Act,contextual,1,within_2
P18,stochastic_uncertainty,Act,direct,0,same_quote
P18,stochastic_uncertainty,Act,contextual,2,within_2
P18,stochastic_uncertainty,Act,contextual,1,within_2
P18,stochastic_uncertainty,Standardize,contextual,1,within_2
P18,stochastic_uncertainty,Act,contextual,2,within_2
P18,stochastic_uncertainty,Standardize,contextual,2,within_2
P18,stochastic_uncertainty,Act,contextual,1,within_2
P18,stochastic_uncertainty,Act,contextual,2,within_2
P19,autocatalysis,Act,direct,0,same_quote
P19,autocatalysis,Act,contextual,1,within_2
P19,autocatalysis,Inquire,contextual,1,within_2
P19,autocatalysis,Inquire,contextual,2,within_2
P19,autocatalysis,Act,direct,0,same_quote
P19,autocatalysis,Inquire,direct,0,same_quote
P19,autocatalysis,Act,contextual,1,within_2
P19,autocatalysis,Inquire,contextual,1,within_2
P19,autocatalysis,Act,contextual,2,within_2
P19,autocatalysis,Inquire,contextual,2,within_2
P19,autocatalysis,Inquire,direct,0,same_quote
P19,autocatalysis,Act,contextual,2,within_2
P19,autocatalysis,Act,contextual,1,within_2
P19,autocatalysis,Inquire,contextual,1,within_2
P19,autocatalysis,Act,contextual,1,within_2
P19,autocatalysis,Inquire,contextual,1,within_2
P19,autocatalysis,Standardize,contextual,2,within_2
P19,autocatalysis,Act,direct,0,same_quote
P19,autocatalysis,Inquire,direct,0,same_quote
P19,autocatalysis,Act,contextual,2,within_2
P19,autocatalysis,Inquire,contextual,2,within_2
P19,autocatalysis,Inquire,contextual,1,within_2
P19,autocatalysis,Standardize,contextual,1,within_2
P19,autocatalysis,Act,contextual,2,within_2
P19,autocatalysis,Standardize,direct,0,same_quote
P19,autocatalysis,Inquire,contextual,2,within_2
P19,autocatalysis,Act,contextual,1,within_2
P19,autocatalysis,Inquire,contextual,1,within_2
P19,autocatalysis,Act,contextual,1,within_2
P19,autocatalysis,Act,contextual,2,within_2
P19,autocatalysis,Inquire,contextual,2,within_2
P19,autocatalysis,Act,direct,0,same_quote
P19,autocatalysis,Act,contextual,2,within_2
P19,autocatalysis,Inquire,contextual,2,within_2
P19,autocatalysis,Standardize,contextual,1,within_2
P19,autocatalysis,Act,contextual,1,within_2
P19,autocatalysis,Inquire,contextual,1,within_2
P19,autocatalysis,Train,contextual,2,within_2
P19,autocatalysis,Inquire,contextual,2,within_2
P19,autocatalysis,Act,direct,0,same_quote
P19,autocatalysis,Inquire,direct,0,same_quote
P19,autocatalysis,Standardize,contextual,2,within_2
P19,autocatalysis,Act,contextual,1,within_2
P19,autocatalysis,Train,contextual,1,within_2
P19,autocatalysis,Inquire,contextual,1,within_2
P19,autocatalysis,Inquire,contextual,2,within_2
P19,autocatalysis,Train,direct,0,same_quote
P19,autocatalysis,Inquire,direct,0,same_quote
P19,autocatalysis,Act,contextual,2,within_2
P19,autocatalysis,Act,contextual,1,within_2
P19,autocatalysis,Inquire,contextual,1,within_2
P19,autocatalysis,Inquire,contextual,1,within_2
P19,autocatalysis,Act,contextual,2,within_2
P19,stochastic_uncertainty,Inquire,direct,0,same_quote
P19,stochastic_uncertainty,Act,contextual,2,within_2
P19,stochastic_uncertainty,Inquire,contextual,2,within_2
P19,stochastic_uncertainty,Train,contextual,1,within_2
P19,stochastic_uncertainty,Inquire,contextual,1,within_2
P19,stochastic_uncertainty,Act,contextual,1,within_2
P19,stochastic_uncertainty,Act,direct,0,same_quote
P19,stochastic_uncertainty,Train,contextual,2,within_2
P19,stochastic_uncertainty,Inquire,contextual,2,within_2
P19,stochastic_uncertainty,Inquire,contextual,1,within_2
P19,stochastic_uncertainty,Act,contextual,2,within_2
P19,stochastic_uncertainty,Standardize,contextual,2,within_2
P19,stochastic_uncertainty,Inquire,contextual,2,within_2
P19,stochastic_uncertainty,Act,contextual,1,within_2
P19,stochastic_uncertainty,Act,contextual,1,within_2
P19,stochastic_uncertainty,Standardize,contextual,1,within_2
P19,stochastic_uncertainty,Act,contextual,2,within_2
P19,stochastic_uncertainty,Inquire,contextual,2,within_2
P19,stochastic_uncertainty,Train,contextual,2,within_2
P19,stochastic_uncertainty,Act,direct,0,same_quote
P19,stochastic_uncertainty,Standardize,direct,0,same_quote
P19,stochastic_uncertainty,Act,contextual,2,within_2
P19,stochastic_uncertainty,Act,contextual,1,within_2
P19,stochastic_uncertainty,Inquire,contextual,1,within_2
P19,stochastic_uncertainty,Train,contextual,1,within_2
P19,stochastic_uncertainty,Act,direct,0,same_quote
P19,stochastic_uncertainty,Inquire,direct,0,same_quote
P19,stochastic_uncertainty,Train,direct,0,same_quote
P19,stochastic_uncertainty,Act,contextual,1,within_2
P19,stochastic_uncertainty,Standardize,contextual,1,within_2
P19,stochastic_uncertainty,Inquire,contextual,2,within_2
P19,stochastic_uncertainty,Act,contextual,2,within_2
P19,stochastic_uncertainty,Standardize,contextual,2,within_2
P19,stochastic_uncertainty,Act,contextual,1,within_2
P19,stochastic_uncertainty,Inquire,contextual,1,within_2
P19,stochastic_uncertainty,Train,contextual,1,within_2
P19,stochastic_uncertainty,Inquire,contextual,1,within_2
P19,stochastic_uncertainty,Inquire,contextual,2,within_2
P19,process_disruption,Inquire,direct,0,same_quote
P19,process_disruption,Act,contextual,2,within_2
P19,process_disruption,Inquire,contextual,2,within_2
P19,process_disruption,Train,contextual,2,within_2
P19,process_disruption,Inquire,contextual,1,within_2
P19,process_disruption,Act,contextual,2,within_2
P19,process_disruption,Inquire,contextual,2,within_2
P19,process_disruption,Train,contextual,2,within_2
P19,process_disruption,Inquire,direct,0,same_quote
P19,process_disruption,Inquire,contextual,1,within_2
P19,process_disruption,Act,contextual,1,within_2
P19,process_disruption,Inquire,contextual,1,within_2
P19,process_disruption,Train,contextual,1,within_2
P19,process_disruption,Inquire,contextual,2,within_2
P19,process_disruption,Act,direct,0,same_quote
P19,process_disruption,Inquire,direct,0,same_quote
P19,process_disruption,Train,direct,0,same_quote
P19,process_disruption,Inquire,contextual,2,within_2
P19,process_disruption,Inquire,contextual,1,within_2
P19,process_disruption,Inquire,contextual,1,within_2
P19,process_disruption,Inquire,contextual,2,within_2
P19,process_disruption,Inquire,direct,0,same_quote
P19,process_disruption,Inquire,contextual,2,within_2
P19,process_disruption,Act,contextual,1,within_2
P19,process_disruption,Inquire,contextual,1,within_2
P19,process_disruption,Train,contextual,1,within_2
P19,process_disruption,Inquire,contextual,1,within_2
P19,process_disruption,Act,contextual,2,within_2
P19,process_disruption,Inquire,contextual,2,within_2
P19,process_disruption,Inquire,direct,0,same_quote
P19,process_disruption,Act,contextual,2,within_2
P19,process_disruption,Inquire,contextual,2,within_2
P19,process_disruption,Train,contextual,2,within_2
P19,process_disruption,Inquire,contextual,1,within_2
P19,process_disruption,Act,contextual,1,within_2
P19,process_disruption,Inquire,contextual,1,within_2
P19,process_disruption,Train,contextual,2,within_2
P19,process_disruption,Standardize,contextual,2,within_2
P19,process_disruption,Act,direct,0,same_quote
P19,process_disruption,Inquire,direct,0,same_quote
P19,process_disruption,Inquire,contextual,2,within_2
P19,process_disruption,Inquire,contextual,1,within_2
P19,process_disruption,Train,contextual,1,within_2
P19,process_disruption,Standardize,contextual,1,within_2
P19,process_disruption,Train,contextual,2,within_2
P19,process_disruption,Train,direct,0,same_quote
P19,process_disruption,Standardize,direct,0,same_quote
P19,process_disruption,Inquire,contextual,2,within_2
P19,process_disruption,Act,contextual,1,within_2
P19,process_disruption,Inquire,contextual,1,within_2
P19,process_disruption,Train,contextual,1,within_2
P19,process_disruption,Train,contextual,2,within_2
P19,process_disruption,Train,direct,0,same_quote
P19,process_disruption,Act,contextual,2,within_2
P19,process_disruption,Inquire,contextual,2,within_2
P19,process_disruption,Train,contextual,1,within_2
P19,process_disruption,Standardize,contextual,1,within_2
P19,process_disruption,Train,contextual,1,within_2
P19,process_disruption,Act,contextual,2,within_2
P19,process_disruption,Train,direct,0,same_quote
P19,process_disruption,Train,contextual,2,within_2
P19,process_disruption,Standardize,contextual,2,within_2
P19,process_disruption,Train,contextual,1,within_2
P19,process_disruption,Act,contextual,1,within_2
P19,process_disruption,Act,contextual,2,within_2
P19,process_disruption,Inquire,contextual,2,within_2
P19,process_disruption,Train,contextual,2,within_2
P19,high_customer_expectations,Act,direct,0,same_quote
P19,high_customer_expectations,Train,contextual,2,within_2
P19,high_customer_expectations,Train,contextual,1,within_2
P19,high_customer_expectations,Act,contextual,1,within_2
P19,high_customer_expectations,Inquire,contextual,1,within_2
P19,high_customer_expectations,Train,contextual,1,within_2
P19,high_customer_expectations,Inquire,contextual,2,within_2
P19,high_customer_expectations,Act,direct,0,same_quote
P19,high_customer_expectations,Inquire,direct,0,same_quote
P19,high_customer_expectations,Train,direct,0,same_quote
P19,high_customer_expectations,Train,contextual,2,within_2
P19,high_customer_expectations,Act,contextual,1,within_2
P19,high_customer_expectations,Inquire,contextual,1,within_2
P19,high_customer_expectations,Act,contextual,2,within_2
P19,high_customer_expectations,Standardize,contextual,2,within_2
P19,high_customer_expectations,Inquire,direct,0,same_quote
P19,high_customer_expectations,Act,contextual,2,within_2
P19,high_customer_expectations,Act,contextual,1,within_2
P19,high_customer_expectations,Inquire,contextual,1,within_2
P19,high_customer_expectations,Train,contextual,1,within_2
P19,high_customer_expectations,Act,contextual,1,within_2
P19,high_customer_expectations,Standardize,contextual,1,within_2
P19,high_customer_expectations,Act,direct,0,same_quote
P19,high_customer_expectations,Standardize,direct,0,same_quote
P19,high_customer_expectations,Act,contextual,2,within_2
P19,high_customer_expectations,Inquire,contextual,2,within_2
P19,high_customer_expectations,Train,contextual,2,within_2
P19,high_customer_expectations,Inquire,contextual,1,within_2
P19,high_customer_expectations,Inquire,contextual,2,within_2
P19,high_customer_expectations,Inquire,contextual,2,within_2
P19,high_customer_expectations,Act,contextual,1,within_2
P19,high_customer_expectations,Standardize,contextual,1,within_2
P19,high_customer_expectations,Inquire,contextual,1,within_2
P19,high_customer_expectations,Inquire,contextual,2,within_2
P19,high_customer_expectations,Inquire,direct,0,same_quote
P19,high_customer_expectations,Act,contextual,2,within_2
P19,high_customer_expectations,Standardize,contextual,2,within_2
P19,high_customer_expectations,Inquire,contextual,1,within_2
P19,high_customer_expectations,Inquire,direct,0,same_quote
P19,high_customer_expectations,Inquire,contextual,1,within_2
P20,stochastic_uncertainty,Inquire,direct,0,same_quote
P20,stochastic_uncertainty,Act,contextual,1,within_2
P20,stochastic_uncertainty,Act,contextual,2,within_2
P20,stochastic_uncertainty,Standardize,contextual,2,within_2
P20,stochastic_uncertainty,Act,direct,0,same_quote
P20,stochastic_uncertainty,Inquire,contextual,1,within_2
P20,stochastic_uncertainty,Act,contextual,1,within_2
P20,stochastic_uncertainty,Standardize,contextual,1,within_2
P20,stochastic_uncertainty,Inquire,contextual,2,within_2
P20,stochastic_uncertainty,Act,direct,0,same_quote
P20,stochastic_uncertainty,Standardize,direct,0,same_quote
P20,stochastic_uncertainty,Inquire,contextual,2,within_2
P20,stochastic_uncertainty,Act,contextual,1,within_2
P20,stochastic_uncertainty,Inquire,contextual,1,within_2
P20,stochastic_uncertainty,Act,contextual,2,within_2
P20,stochastic_uncertainty,Standardize,contextual,2,within_2
P20,stochastic_uncertainty,Inquire,direct,0,same_quote
P20,stochastic_uncertainty,Act,contextual,2,within_2
P20,stochastic_uncertainty,Act,contextual,1,within_2
P20,stochastic_uncertainty,Standardize,contextual,1,within_2
P20,stochastic_uncertainty,Act,contextual,1,within_2
P20,stochastic_uncertainty,Standardize,contextual,1,within_2
P20,stochastic_uncertainty,Act,direct,0,same_quote
P20,stochastic_uncertainty,Standardize,direct,0,same_quote
P20,stochastic_uncertainty,Act,contextual,2,within_2
P20,stochastic_uncertainty,Standardize,contextual,2,within_2
P20,stochastic_uncertainty,Inquire,contextual,1,within_2
P20,stochastic_uncertainty,Act,contextual,2,within_2
P20,stochastic_uncertainty,Standardize,contextual,2,within_2
P20,stochastic_uncertainty,Inquire,contextual,2,within_2
P20,stochastic_uncertainty,Act,contextual,1,within_2
P20,stochastic_uncertainty,Standardize,contextual,1,within_2
P20,stochastic_uncertainty,Act,contextual,1,within_2
P20,stochastic_uncertainty,Standardize,contextual,1,within_2
P20,stochastic_uncertainty,Standardize,contextual,2,within_2
P20,process_disruption,Act,direct,0,same_quote
P20,process_disruption,Standardize,direct,0,same_quote
P20,process_disruption,Act,contextual,2,within_2
P20,process_disruption,Standardize,contextual,2,within_2
P20,process_disruption,Standardize,contextual,1,within_2
P20,process_disruption,Act,contextual,2,within_2
P20,process_disruption,Standardize,direct,0,same_quote
P20,process_disruption,Act,contextual,1,within_2
P20,process_disruption,Standardize,contextual,1,within_2
P20,process_disruption,Act,contextual,1,within_2
P20,process_disruption,Standardize,contextual,2,within_2
P20,process_disruption,Act,direct,0,same_quote
P20,process_disruption,Act,contextual,2,within_2
P20,process_disruption,Standardize,contextual,2,within_2
P20,process_disruption,Standardize,contextual,1,within_2
P20,process_disruption,Standardize,contextual,1,within_2
P20,process_disruption,Standardize,direct,0,same_quote
P20,process_disruption,Standardize,contextual,2,within_2
P20,process_disruption,Act,contextual,1,within_2
P20,process_disruption,Act,contextual,2,within_2
P20,process_disruption,Standardize,contextual,1,within_2
P20,process_disruption,Act,contextual,2,within_2
P20,process_disruption,Standardize,contextual,2,within_2
P20,process_disruption,Act,contextual,1,within_2
P20,process_disruption,Inquire,contextual,2,within_2
P20,process_disruption,Act,direct,0,same_quote
P20,process_disruption,Inquire,contextual,1,within_2
P20,process_disruption,Inquire,contextual,2,within_2
P20,process_disruption,Inquire,direct,0,same_quote
P20,process_disruption,Act,contextual,1,within_2
P20,process_disruption,Inquire,contextual,1,within_2
P20,process_disruption,Inquire,direct,0,same_quote
P20,process_disruption,Act,contextual,2,within_2
P20,process_disruption,Inquire,contextual,1,within_2
P20,process_disruption,Inquire,contextual,2,within_2
P20,process_disruption,Inquire,contextual,1,within_2
P20,process_disruption,Act,contextual,2,within_2
P20,autocatalysis,Inquire,contextual,2,within_2
P20,autocatalysis,Act,contextual,1,within_2
P20,autocatalysis,Act,direct,0,same_quote
P20,autocatalysis,Act,contextual,1,within_2
P20,autocatalysis,Standardize,contextual,2,within_2
P20,autocatalysis,Act,contextual,2,within_2
P20,autocatalysis,Standardize,contextual,1,within_2
P20,autocatalysis,Train,contextual,2,within_2
P20,autocatalysis,Standardize,direct,0,same_quote
P20,autocatalysis,Train,contextual,1,within_2
P20,autocatalysis,Act,contextual,2,within_2
P20,autocatalysis,Standardize,contextual,2,within_2
P20,autocatalysis,Train,direct,0,same_quote
P20,autocatalysis,Standardize,contextual,1,within_2
P20,autocatalysis,Act,contextual,1,within_2
P20,autocatalysis,Standardize,contextual,1,within_2
P20,autocatalysis,Standardize,contextual,2,within_2
P20,high_customer_expectations,Act,direct,0,same_quote
P20,high_customer_expectations,Standardize,direct,0,same_quote
P20,high_customer_expectations,Standardize,contextual,2,within_2
P20,high_customer_expectations,Train,contextual,1,within_2
P20,high_customer_expectations,Standardize,contextual,1,within_2
P20,high_customer_expectations,Act,contextual,2,within_2
P20,high_customer_expectations,Standardize,direct,0,same_quote
P20,high_customer_expectations,Train,contextual,2,within_2
P20,high_customer_expectations,Act,contextual,1,within_2
P20,high_customer_expectations,Standardize,contextual,1,within_2
P20,high_customer_expectations,Act,contextual,1,within_2
P20,high_customer_expectations,Act,contextual,2,within_2
P20,high_customer_expectations,Act,direct,0,same_quote
P20,high_customer_expectations,Act,contextual,2,within_2
P20,high_customer_expectations,Standardize,contextual,2,within_2
P20,high_customer_expectations,Standardize,contextual,1,within_2
P20,high_customer_expectations,Act,contextual,1,within_2
P20,high_customer_expectations,Inquire,contextual,2,within_2
P20,high_customer_expectations,Act,direct,0,same_quote
P20,high_customer_expectations,Standardize,contextual,2,within_2
P20,high_customer_expectations,Act,contextual,1,within_2
P20,high_customer_expectations,Inquire,contextual,1,within_2
P20,high_customer_expectations,Train,contextual,2,within_2
P20,high_customer_expectations,Inquire,contextual,2,within_2
P20,high_customer_expectations,Inquire,direct,0,same_quote
P20,high_customer_expectations,Act,contextual,2,within_2
P20,high_customer_expectations,Act,contextual,1,within_2
P20,high_customer_expectations,Train,contextual,1,within_2
P20,high_customer_expectations,Inquire,contextual,1,within_2
P20,high_customer_expectations,Train,direct,0,same_quote
P20,high_customer_expectations,Inquire,direct,0,same_quote
P20,high_customer_expectations,Act,contextual,2,within_2
P20,high_customer_expectations,Inquire,contextual,1,within_2
P20,high_customer_expectations,Inquire,contextual,2,within_2
P20,high_customer_expectations,Train,contextual,1,within_2
P20,high_customer_expectations,Inquire,contextual,1,within_2
P20,high_customer_expectations,Standardize,contextual,2,within_2
P20,high_customer_expectations,Train,contextual,2,within_2
P20,high_customer_expectations,Inquire,contextual,2,within_2
P20,high_customer_expectations,Standardize,contextual,1,within_2
P20,high_customer_expectations,Act,contextual,2,within_2
P20,high_customer_expectations,Standardize,direct,0,same_quote
P20,high_customer_expectations,Act,contextual,1,within_2
P20,high_customer_expectations,Act,direct,0,same_quote
P20,high_customer_expectations,Standardize,contextual,1,within_2
P20,high_customer_expectations,Standardize,contextual,2,within_2
P20,high_customer_expectations,Act,contextual,1,within_2
P21,stochastic_uncertainty,Inquire,direct,0,same_quote
P21,stochastic_uncertainty,Inquire,contextual,1,within_2
P21,stochastic_uncertainty,Act,contextual,2,within_2
P21,stochastic_uncertainty,Inquire,direct,0,same_quote
P21,stochastic_uncertainty,Inquire,contextual,1,within_2
P21,stochastic_uncertainty,Act,contextual,1,within_2
P21,stochastic_uncertainty,Act,contextual,2,within_2
P21,stochastic_uncertainty,Standardize,contextual,2,within_2
P21,stochastic_uncertainty,Act,direct,0,same_quote
P21,stochastic_uncertainty,Inquire,contextual,2,within_2
P21,stochastic_uncertainty,Inquire,contextual,1,within_2
P21,stochastic_uncertainty,Act,contextual,1,within_2
P21,stochastic_uncertainty,Standardize,contextual,1,within_2
P21,stochastic_uncertainty,Inquire,contextual,2,within_2
P21,stochastic_uncertainty,Act,direct,0,same_quote
P21,stochastic_uncertainty,Standardize,direct,0,same_quote
P21,stochastic_uncertainty,Inquire,contextual,2,within_2
P21,stochastic_uncertainty,Act,contextual,1,within_2
P21,stochastic_uncertainty,Inquire,contextual,1,within_2
P21,stochastic_uncertainty,Inquire,contextual,2,within_2
P21,stochastic_uncertainty,Inquire,direct,0,same_quote
P21,stochastic_uncertainty,Act,contextual,2,within_2
P21,stochastic_uncertainty,Act,contextual,1,within_2
P21,stochastic_uncertainty,Standardize,contextual,1,within_2
P21,stochastic_uncertainty,Inquire,contextual,1,within_2
P21,stochastic_uncertainty,Inquire,direct,0,same_quote
P21,stochastic_uncertainty,Act,contextual,2,within_2
P21,stochastic_uncertainty,Standardize,contextual,2,within_2
P21,stochastic_uncertainty,Inquire,contextual,1,within_2
P21,stochastic_uncertainty,Inquire,contextual,2,within_2
P21,stochastic_uncertainty,Inquire,contextual,1,within_2
P21,stochastic_uncertainty,Standardize,contextual,2,within_2
P21,stochastic_uncertainty,Inquire,contextual,2,within_2
P21,stochastic_uncertainty,Standardize,contextual,1,within_2
P21,stochastic_uncertainty,Standardize,direct,0,same_quote
P21,high_customer_expectations,Standardize,contextual,1,within_2
P21,high_customer_expectations,Act,contextual,2,within_2
P21,high_customer_expectations,Standardize,contextual,2,within_2
P21,high_customer_expectations,Act,contextual,1,within_2
P21,high_customer_expectations,Inquire,contextual,2,within_2
P21,high_customer_expectations,Act,direct,0,same_quote
P21,high_customer_expectations,Inquire,contextual,1,within_2
P21,high_customer_expectations,Act,contextual,2,within_2
P21,high_customer_expectations,Inquire,direct,0,same_quote
P21,high_customer_expectations,Act,contextual,1,within_2
P21,high_customer_expectations,Act,contextual,1,within_2
P21,high_customer_expectations,Inquire,contextual,2,within_2
P21,high_customer_expectations,Act,direct,0,same_quote
P21,high_customer_expectations,Act,contextual,2,within_2
P21,high_customer_expectations,Inquire,contextual,1,within_2
P21,high_customer_expectations,Inquire,contextual,1,within_2
P21,high_customer_expectations,Inquire,contextual,2,within_2
P21,high_customer_expectations,Inquire,direct,0,same_quote
P21,high_customer_expectations,Inquire,contextual,2,within_2
P21,high_customer_expectations,Act,contextual,1,within_2
P21,high_customer_expectations,Inquire,contextual,1,within_2
P21,high_customer_expectations,Inquire,contextual,2,within_2
P21,high_customer_expectations,Inquire,direct,0,same_quote
P21,high_customer_expectations,Act,contextual,2,within_2
P21,high_customer_expectations,Inquire,contextual,1,within_2
P21,high_customer_expectations,Inquire,contextual,1,within_2
P21,high_customer_expectations,Train,contextual,2,within_2
P21,high_customer_expectations,Inquire,direct,0,same_quote
P21,high_customer_expectations,Inquire,contextual,2,within_2
P21,high_customer_expectations,Inquire,contextual,1,within_2
P21,high_customer_expectations,Train,contextual,1,within_2
P21,high_customer_expectations,Act,contextual,2,within_2
P21,high_customer_expectations,Train,direct,0,same_quote
P21,high_customer_expectations,Inquire,contextual,2,within_2
P21,high_customer_expectations,Inquire,contextual,1,within_2
P21,high_customer_expectations,Act,contextual,1,within_2
P21,high_customer_expectations,Act,direct,0,same_quote
P21,high_customer_expectations,Inquire,contextual,2,within_2
P21,high_customer_expectations,Train,contextual,1,within_2
P21,high_customer_expectations,Inquire,contextual,2,within_2
P21,process_disruption,Train,contextual,2,within_2
P21,process_disruption,Act,contextual,1,within_2
P21,process_disruption,Inquire,contextual,1,within_2
P21,process_disruption,Inquire,contextual,2,within_2
P21,process_disruption,Inquire,direct,0,same_quote
P21,process_disruption,Act,contextual,2,within_2
P21,process_disruption,Inquire,contextual,1,within_2
P21,process_disruption,Inquire,direct,0,same_quote
P21,process_disruption,Inquire,contextual,1,within_2
P21,process_disruption,Act,contextual,2,within_2
P21,process_disruption,Inquire,contextual,2,within_2
P21,process_disruption,Inquire,contextual,1,within_2
P21,process_disruption,Act,contextual,1,within_2
P21,process_disruption,Act,contextual,2,within_2
P21,process_disruption,Act,direct,0,same_quote
P21,process_disruption,Inquire,contextual,2,within_2
P21,process_disruption,Act,contextual,1,within_2
P21,process_disruption,Act,contextual,2,within_2
P21,process_disruption,Act,direct,0,same_quote
P21,process_disruption,Act,contextual,1,within_2
P21,process_disruption,Act,contextual,1,within_2
P21,process_disruption,Act,contextual,2,within_2
P21,process_disruption,Act,direct,0,same_quote
P21,process_disruption,Act,contextual,2,within_2
P21,process_disruption,Act,contextual,1,within_2
P21,process_disruption,Act,contextual,1,within_2
P21,process_disruption,Act,contextual,2,within_2
P21,process_disruption,Standardize,contextual,2,within_2
P21,process_disruption,Act,direct,0,same_quote
P21,process_disruption,Act,contextual,2,within_2
P21,process_disruption,Act,contextual,1,within_2
P21,process_disruption,Act,contextual,1,within_2
P21,process_disruption,Standardize,contextual,1,within_2
P21,process_disruption,Train,contextual,2,within_2
P21,process_disruption,Act,direct,0,same_quote
P21,process_disruption,Standardize,direct,0,same_quote
P21,process_disruption,Act,contextual,2,within_2
P21,process_disruption,Act,contextual,1,within_2
P21,process_disruption,Train,contextual,1,within_2
P21,process_disruption,Standardize,contextual,2,within_2
P21,process_disruption,Train,direct,0,same_quote
P21,process_disruption,Act,contextual,2,within_2
P21,process_disruption,Act,contextual,1,within_2
P21,process_disruption,Standardize,contextual,1,within_2
P21,process_disruption,Standardize,contextual,1,within_2
P21,process_disruption,Inquire,contextual,2,within_2
P21,autocatalysis,Standardize,direct,0,same_quote
P21,autocatalysis,Act,contextual,2,within_2
P21,autocatalysis,Standardize,contextual,2,within_2
P21,autocatalysis,Train,contextual,1,within_2
P21,autocatalysis,Inquire,contextual,1,within_2
P21,autocatalysis,Inquire,contextual,2,within_2
P21,autocatalysis,Inquire,direct,0,same_quote
P21,autocatalysis,Train,contextual,2,within_2
P21,autocatalysis,Standardize,contextual,1,within_2
P21,autocatalysis,Inquire,contextual,1,within_2
P21,autocatalysis,Standardize,contextual,2,within_2
P21,autocatalysis,Inquire,direct,0,same_quote
P21,autocatalysis,Standardize,contextual,2,within_2
P21,autocatalysis,Inquire,contextual,1,within_2
P21,autocatalysis,Standardize,contextual,1,within_2
P21,autocatalysis,Standardize,direct,0,same_quote
P21,autocatalysis,Inquire,contextual,2,within_2
P21,autocatalysis,Inquire,contextual,1,within_2
P21,autocatalysis,Inquire,contextual,2,within_2
P21,autocatalysis,Standardize,contextual,1,within_2
P21,autocatalysis,Act,contextual,2,within_2
P21,autocatalysis,Standardize,contextual,2,within_2
P21,autocatalysis,Act,contextual,1,within_2
P21,autocatalysis,Act,contextual,2,within_2
P21,autocatalysis,Standardize,contextual,2,within_2
P21,autocatalysis,Act,direct,0,same_quote
P21,autocatalysis,Act,contextual,1,within_2
P21,autocatalysis,Standardize,contextual,1,within_2
P21,autocatalysis,Act,contextual,2,within_2
P21,autocatalysis,Inquire,contextual,2,within_2
P21,autocatalysis,Act,direct,0,same_quote
P21,autocatalysis,Standardize,direct,0,same_quote
P21,autocatalysis,Act,contextual,1,within_2
P21,autocatalysis,Act,contextual,1,within_2
P21,autocatalysis,Inquire,contextual,1,within_2
P21,autocatalysis,Inquire,contextual,2,within_2
P21,autocatalysis,Act,direct,0,same_quote
P21,autocatalysis,Inquire,direct,0,same_quote
P21,autocatalysis,Act,contextual,2,within_2
P21,autocatalysis,Act,contextual,1,within_2
P21,autocatalysis,Standardize,contextual,1,within_2
P21,autocatalysis,Inquire,contextual,1,within_2
P21,autocatalysis,Inquire,direct,0,same_quote
P21,autocatalysis,Act,contextual,2,within_2
P21,autocatalysis,Standardize,contextual,2,within_2
P21,autocatalysis,Act,contextual,1,within_2
P21,autocatalysis,Inquire,contextual,1,within_2
P22,process_disruption,Act,direct,0,same_quote
P22,process_disruption,Act,contextual,1,within_2
P22,process_disruption,Act,contextual,2,within_2
P22,process_disruption,Act,contextual,2,within_2
P22,process_disruption,Inquire,contextual,2,within_2
P22,process_disruption,Act,contextual,1,within_2
P22,process_disruption,Inquire,contextual,1,within_2
P22,process_disruption,Act,direct,0,same_quote
P22,process_disruption,Inquire,direct,0,same_quote
P22,process_disruption,Act,contextual,1,within_2
P22,process_disruption,Inquire,contextual,1,within_2
P22,process_disruption,Train,contextual,2,within_2
P22,process_disruption,Act,contextual,2,within_2
P22,process_disruption,Inquire,contextual,2,within_2
P22,process_disruption,Train,contextual,1,within_2
P22,process_disruption,Train,direct,0,same_quote
P22,process_disruption,Train,contextual,2,within_2
P22,autocatalysis,Train,contextual,1,within_2
P22,autocatalysis,Train,contextual,1,within_2
P22,autocatalysis,Train,direct,0,same_quote
P22,autocatalysis,Train,contextual,2,within_2
P22,autocatalysis,Train,contextual,1,within_2
P22,autocatalysis,Train,contextual,2,within_2
P22,autocatalysis,Act,contextual,2,within_2
P22,autocatalysis,Standardize,contextual,2,within_2
P22,autocatalysis,Act,contextual,1,within_2
P22,autocatalysis,Standardize,contextual,1,within_2
P22,autocatalysis,Train,contextual,2,within_2
P22,autocatalysis,Act,direct,0,same_quote
P22,autocatalysis,Standardize,direct,0,same_quote
P22,autocatalysis,Train,contextual,1,within_2
P22,autocatalysis,Train,contextual,2,within_2
P22,autocatalysis,Train,direct,0,same_quote
P22,autocatalysis,Act,contextual,1,within_2
P22,autocatalysis,Standardize,contextual,1,within_2
P22,autocatalysis,Train,contextual,1,within_2
P22,autocatalysis,Act,contextual,2,within_2
P22,autocatalysis,Train,direct,0,same_quote
P22,autocatalysis,Act,contextual,2,within_2
P22,autocatalysis,Standardize,contextual,2,within_2
P22,autocatalysis,Train,contextual,1,within_2
P22,autocatalysis,Act,contextual,1,within_2
P22,autocatalysis,Act,contextual,2,within_2
P22,autocatalysis,Act,direct,0,same_quote
P22,autocatalysis,Train,contextual,2,within_2
P22,autocatalysis,Train,contextual,1,within_2
P22,autocatalysis,Act,contextual,1,within_2
P22,stochastic_uncertainty,Act,direct,0,same_quote
P22,stochastic_uncertainty,Train,contextual,2,within_2
P22,stochastic_uncertainty,Act,contextual,1,within_2
P22,stochastic_uncertainty,Act,contextual,2,within_2
P22,stochastic_uncertainty,Act,contextual,1,within_2
P22,stochastic_uncertainty,Act,contextual,2,within_2
P22,stochastic_uncertainty,Inquire,contextual,2,within_2
P22,stochastic_uncertainty,Inquire,contextual,1,within_2
P22,stochastic_uncertainty,Act,contextual,2,within_2
P22,stochastic_uncertainty,Inquire,direct,0,same_quote
P22,stochastic_uncertainty,Act,contextual,1,within_2
P22,stochastic_uncertainty,Train,contextual,2,within_2
P22,stochastic_uncertainty,Act,direct,0,same_quote
P22,stochastic_uncertainty,Inquire,contextual,1,within_2
P22,stochastic_uncertainty,Train,contextual,1,within_2
P22,high_customer_expectations,Train,direct,0,same_quote
P22,high_customer_expectations,Inquire,contextual,2,within_2
P22,high_customer_expectations,Act,contextual,1,within_2
P22,high_customer_expectations,Standardize,contextual,2,within_2
P22,high_customer_expectations,Act,contextual,2,within_2
P22,high_customer_expectations,Train,contextual,1,within_2
P22,high_customer_expectations,Standardize,contextual,1,within_2
P22,high_customer_expectations,Inquire,contextual,2,within_2
P22,high_customer_expectations,Standardize,direct,0,same_quote
P22,high_customer_expectations,Train,contextual,2,within_2
P22,high_customer_expectations,Inquire,contextual,1,within_2
P22,high_customer_expectations,Inquire,direct,0,same_quote
P22,high_customer_expectations,Standardize,contextual,1,within_2
P22,high_customer_expectations,Train,contextual,2,within_2
P22,high_customer_expectations,Standardize,contextual,2,within_2
P22,high_customer_expectations,Inquire,contextual,1,within_2
P22,high_customer_expectations,Train,contextual,1,within_2
P22,high_customer_expectations,Inquire,contextual,2,within_2
P22,high_customer_expectations,Train,direct,0,same_quote
P22,high_customer_expectations,Inquire,contextual,2,within_2
P22,high_customer_expectations,Inquire,contextual,1,within_2
P22,high_customer_expectations,Inquire,direct,0,same_quote
P22,high_customer_expectations,Train,contextual,1,within_2
P23,process_disruption,Train,direct,0,same_quote
P23,process_disruption,Act,contextual,1,within_2
P23,process_disruption,Act,contextual,2,within_2
P23,process_disruption,Train,contextual,2,within_2
P23,process_disruption,Act,direct,0,same_quote
P23,process_disruption,Train,contextual,1,within_2
P23,process_disruption,Act,contextual,1,within_2
P23,process_disruption,Train,contextual,1,within_2
P23,process_disruption,Act,contextual,2,within_2
P23,process_disruption,Standardize,contextual,2,within_2
P23,process_disruption,Act,direct,0,same_quote
P23,process_disruption,Train,direct,0,same_quote
P23,process_disruption,Train,contextual,2,within_2
P23,process_disruption,Act,contextual,1,within_2
P23,process_disruption,Act,contextual,1,within_2
P23,process_disruption,Standardize,contextual,1,within_2
P23,process_disruption,Standardize,contextual,2,within_2
P23,process_disruption,Act,direct,0,same_quote
P23,process_disruption,Standardize,direct,0,same_quote
P23,process_disruption,Act,contextual,2,within_2
P23,process_disruption,Act,contextual,1,within_2
P23,process_disruption,Train,contextual,1,within_2
P23,process_disruption,Standardize,contextual,1,within_2
P23,process_disruption,Standardize,direct,0,same_quote
P23,process_disruption,Act,contextual,2,within_2
P23,process_disruption,Train,contextual,2,within_2
P23,process_disruption,Act,contextual,1,within_2
P23,process_disruption,Standardize,contextual,1,within_2
P23,process_disruption,Standardize,contextual,2,within_2
P23,process_disruption,Act,contextual,2,within_2
P23,process_disruption,Standardize,contextual,2,within_2
P23,process_disruption,Standardize,contextual,1,within_2
P23,process_disruption,Standardize,contextual,1,within_2
P23,process_disruption,Train,contextual,2,within_2
P23,process_disruption,Standardize,direct,0,same_quote
P23,process_disruption,Standardize,contextual,2,within_2
P23,process_disruption,Train,contextual,1,within_2
P23,process_disruption,Act,contextual,2,within_2
P23,process_disruption,Inquire,contextual,2,within_2
P23,autocatalysis,Train,direct,0,same_quote
P23,autocatalysis,Standardize,contextual,1,within_2
P23,autocatalysis,Act,contextual,1,within_2
P23,autocatalysis,Inquire,contextual,1,within_2
P23,autocatalysis,Act,contextual,2,within_2
P23,autocatalysis,Act,direct,0,same_quote
P23,autocatalysis,Inquire,direct,0,same_quote
P23,autocatalysis,Standardize,contextual,2,within_2
P23,autocatalysis,Train,contextual,1,within_2
P23,autocatalysis,Act,contextual,1,within_2
P23,autocatalysis,Standardize,contextual,2,within_2
P23,autocatalysis,Act,direct,0,same_quote
P23,autocatalysis,Train,contextual,2,within_2
P23,autocatalysis,Act,contextual,1,within_2
P23,autocatalysis,Inquire,contextual,1,within_2
P23,autocatalysis,Standardize,contextual,1,within_2
P23,autocatalysis,Standardize,direct,0,same_quote
P23,autocatalysis,Act,contextual,2,within_2
P23,autocatalysis,Inquire,contextual,2,within_2
P23,autocatalysis,Act,contextual,1,within_2
P23,autocatalysis,Standardize,contextual,2,within_2
P23,autocatalysis,Act,contextual,2,within_2
P23,autocatalysis,Standardize,contextual,1,within_2
P23,autocatalysis,Standardize,contextual,1,within_2
P23,autocatalysis,Act,contextual,2,within_2
P23,autocatalysis,Standardize,contextual,2,within_2
P23,autocatalysis,Standardize,direct,0,same_quote
P23,autocatalysis,Standardize,contextual,2,within_2
P23,autocatalysis,Act,contextual,1,within_2
P23,autocatalysis,Standardize,contextual,1,within_2
P23,autocatalysis,Inquire,contextual,2,within_2
P23,autocatalysis,Act,direct,0,same_quote
P23,autocatalysis,Standardize,direct,0,same_quote
P23,autocatalysis,Standardize,contextual,1,within_2
P23,autocatalysis,Inquire,contextual,1,within_2
P23,autocatalysis,Act,contextual,2,within_2
P23,autocatalysis,Standardize,contextual,2,within_2
P23,autocatalysis,Inquire,direct,0,same_quote
P23,autocatalysis,Standardize,contextual,2,within_2
P23,autocatalysis,Act,contextual,1,within_2
P23,autocatalysis,Standardize,contextual,1,within_2
P23,autocatalysis,Act,contextual,1,within_2
P23,autocatalysis,Standardize,contextual,1,within_2
P23,autocatalysis,Inquire,contextual,2,within_2
P23,autocatalysis,Act,direct,0,same_quote
P23,autocatalysis,Standardize,direct,0,same_quote
P23,autocatalysis,Act,contextual,2,within_2
P23,autocatalysis,Standardize,contextual,2,within_2
P23,autocatalysis,Inquire,contextual,1,within_2
P23,autocatalysis,Inquire,contextual,1,within_2
P23,stochastic_uncertainty,Inquire,direct,0,same_quote
P23,stochastic_uncertainty,Inquire,contextual,2,within_2
P23,stochastic_uncertainty,Act,contextual,1,within_2
P23,stochastic_uncertainty,Standardize,contextual,1,within_2
P23,stochastic_uncertainty,Act,contextual,2,within_2
P23,stochastic_uncertainty,Standardize,contextual,2,within_2
P23,stochastic_uncertainty,Inquire,contextual,1,within_2
P23,stochastic_uncertainty,Act,contextual,2,within_2
P23,stochastic_uncertainty,Inquire,contextual,2,within_2
P23,stochastic_uncertainty,Act,contextual,1,within_2
P23,stochastic_uncertainty,Act,contextual,2,within_2
P23,stochastic_uncertainty,Act,direct,0,same_quote
P23,stochastic_uncertainty,Act,contextual,1,within_2
P23,stochastic_uncertainty,Act,contextual,2,within_2
P23,stochastic_uncertainty,Act,direct,0,same_quote
P23,stochastic_uncertainty,Act,contextual,1,within_2
P23,stochastic_uncertainty,Act,contextual,1,within_2
P23,stochastic_uncertainty,Inquire,contextual,2,within_2
P23,stochastic_uncertainty,Act,direct,0,same_quote
P23,stochastic_uncertainty,Act,contextual,2,within_2
P23,stochastic_uncertainty,Act,contextual,1,within_2
P23,stochastic_uncertainty,Inquire,contextual,1,within_2
P23,stochastic_uncertainty,Train,contextual,2,within_2
P23,stochastic_uncertainty,Inquire,direct,0,same_quote
P23,stochastic_uncertainty,Act,contextual,2,within_2
P23,stochastic_uncertainty,Act,contextual,1,within_2
P23,stochastic_uncertainty,Train,contextual,1,within_2
P23,stochastic_uncertainty,Train,direct,0,same_quote
P23,stochastic_uncertainty,Act,contextual,2,within_2
P23,stochastic_uncertainty,Inquire,contextual,1,within_2
P23,stochastic_uncertainty,Inquire,contextual,2,within_2
P23,stochastic_uncertainty,Train,contextual,1,within_2
P23,stochastic_uncertainty,Train,contextual,2,within_2
P23,stochastic_uncertainty,Train,contextual,2,within_2
P23,stochastic_uncertainty,Train,contextual,1,within_2
P23,stochastic_uncertainty,Act,contextual,2,within_2
P23,stochastic_uncertainty,Standardize,contextual,2,within_2
P23,high_customer_expectations,Train,direct,0,same_quote
P23,high_customer_expectations,Act,contextual,1,within_2
P23,high_customer_expectations,Standardize,contextual,1,within_2
P23,high_customer_expectations,Train,contextual,2,within_2
P23,high_customer_expectations,Act,direct,0,same_quote
P23,high_customer_expectations,Standardize,direct,0,same_quote
P23,high_customer_expectations,Train,contextual,1,within_2
P23,high_customer_expectations,Train,contextual,1,within_2
P23,high_customer_expectations,Inquire,contextual,2,within_2
P23,high_customer_expectations,Train,direct,0,same_quote
P23,high_customer_expectations,Train,contextual,2,within_2
P23,high_customer_expectations,Act,contextual,1,within_2
P23,high_customer_expectations,Standardize,contextual,1,within_2
P23,high_customer_expectations,Inquire,contextual,1,within_2
P23,high_customer_expectations,Act,contextual,2,within_2
P23,high_customer_expectations,Train,contextual,2,within_2
P23,high_customer_expectations,Inquire,direct,0,same_quote
P23,high_customer_expectations,Act,contextual,2,within_2
P23,high_customer_expectations,Standardize,contextual,2,within_2
P23,high_customer_expectations,Train,contextual,1,within_2
P23,high_customer_expectations,Act,contextual,1,within_2
P23,high_customer_expectations,Train,contextual,1,within_2
P23,high_customer_expectations,Act,contextual,2,within_2
P23,high_customer_expectations,Act,direct,0,same_quote
P23,high_customer_expectations,Train,direct,0,same_quote
P23,high_customer_expectations,Train,contextual,2,within_2
P23,high_customer_expectations,Inquire,contextual,1,within_2
P23,high_customer_expectations,Act,contextual,1,within_2
P23,high_customer_expectations,Standardize,contextual,2,within_2
P23,high_customer_expectations,Act,direct,0,same_quote
P23,high_customer_expectations,Inquire,contextual,2,within_2
P23,high_customer_expectations,Act,contextual,1,within_2
P23,high_customer_expectations,Train,contextual,1,within_2
P23,high_customer_expectations,Standardize,contextual,1,within_2
P23,high_customer_expectations,Act,contextual,2,within_2
P23,high_customer_expectations,Standardize,contextual,2,within_2
P23,high_customer_expectations,Standardize,direct,0,same_quote
P23,high_customer_expectations,Act,contextual,2,within_2
P23,high_customer_expectations,Train,contextual,2,within_2
P23,high_customer_expectations,Act,contextual,1,within_2
P23,high_customer_expectations,Act,contextual,1,within_2
P23,high_customer_expectations,Standardize,contextual,1,within_2
P23,high_customer_expectations,Act,direct,0,same_quote
P23,high_customer_expectations,Standardize,direct,0,same_quote
P23,high_customer_expectations,Act,contextual,2,within_2
P23,high_customer_expectations,Standardize,contextual,1,within_2
P24,high_customer_expectations,Act,direct,0,same_quote
P24,high_customer_expectations,Train,contextual,2,within_2
P24,high_customer_expectations,Act,contextual,1,within_2
P24,high_customer_expectations,Train,contextual,1,within_2
P24,high_customer_expectations,Act,contextual,2,within_2
P24,high_customer_expectations,Train,contextual,2,within_2
P24,high_customer_expectations,Train,direct,0,same_quote
P24,high_customer_expectations,Act,contextual,2,within_2
P24,high_customer_expectations,Act,contextual,1,within_2
P24,high_customer_expectations,Train,contextual,1,within_2
P24,high_customer_expectations,Act,direct,0,same_quote
P24,high_customer_expectations,Train,direct,0,same_quote
P24,high_customer_expectations,Train,contextual,1,within_2
P24,high_customer_expectations,Train,contextual,2,within_2
P24,high_customer_expectations,Act,contextual,1,within_2
P24,high_customer_expectations,Train,contextual,1,within_2
P24,high_customer_expectations,Act,contextual,2,within_2
P24,high_customer_expectations,Train,contextual,2,within_2
P24,high_customer_expectations,Act,contextual,2,within_2
P24,high_customer_expectations,Train,contextual,2,within_2
P24,high_customer_expectations,Act,contextual,1,within_2
P24,high_customer_expectations,Train,contextual,1,within_2
P24,high_customer_expectations,Inquire,contextual,2,within_2
P24,process_disruption,Act,direct,0,same_quote
P24,process_disruption,Train,direct,0,same_quote
P24,process_disruption,Inquire,contextual,1,within_2
P24,process_disruption,Act,contextual,2,within_2
P24,process_disruption,Inquire,direct,0,same_quote
P24,process_disruption,Act,contextual,1,within_2
P24,process_disruption,Train,contextual,1,within_2
P24,process_disruption,Act,contextual,1,within_2
P24,process_disruption,Act,contextual,2,within_2
P24,process_disruption,Act,direct,0,same_quote
P24,process_disruption,Act,contextual,2,within_2
P24,process_disruption,Train,contextual,2,within_2
P24,process_disruption,Inquire,contextual,1,within_2
P24,process_disruption,Act,contextual,1,within_2
P24,process_disruption,Train,contextual,2,within_2
P24,process_disruption,Act,direct,0,same_quote
P24,process_disruption,Inquire,contextual,2,within_2
P24,process_disruption,Act,contextual,1,within_2
P24,process_disruption,Train,contextual,1,within_2
P24,process_disruption,Train,contextual,2,within_2
P24,process_disruption,Inquire,contextual,2,within_2
P24,process_disruption,Train,direct,0,same_quote
P24,process_disruption,Act,contextual,2,within_2
P24,process_disruption,Act,contextual,1,within_2
P24,process_disruption,Train,contextual,1,within_2
P24,process_disruption,Inquire,contextual,1,within_2
P24,process_disruption,Act,contextual,2,within_2
P24,process_disruption,Standardize,contextual,2,within_2
P24,process_disruption,Train,direct,0,same_quote
P24,process_disruption,Inquire,direct,0,same_quote
P24,process_disruption,Act,contextual,2,within_2
P24,process_disruption,Train,contextual,1,within_2
P24,process_disruption,Act,contextual,1,within_2
P24,process_disruption,Standardize,contextual,1,within_2
P24,process_disruption,Act,direct,0,same_quote
P24,process_disruption,Standardize,direct,0,same_quote
P24,process_disruption,Train,contextual,2,within_2
P24,process_disruption,Train,contextual,1,within_2
P24,process_disruption,Inquire,contextual,1,within_2
P24,process_disruption,Act,contextual,2,within_2
P24,process_disruption,Train,contextual,2,within_2
P24,process_disruption,Inquire,contextual,2,within_2
P24,process_disruption,Act,contextual,1,within_2
P24,process_disruption,Standardize,contextual,1,within_2
P24,process_disruption,Act,contextual,1,within_2
P24,process_disruption,Inquire,contextual,2,within_2
P24,process_disruption,Act,direct,0,same_quote
P24,process_disruption,Act,contextual,2,within_2
P24,process_disruption,Standardize,contextual,2,within_2
P24,process_disruption,Inquire,contextual,1,within_2
P24,process_disruption,Inquire,direct,0,same_quote
P24,process_disruption,Act,contextual,1,within_2
P24,process_disruption,Act,contextual,2,within_2
P24,process_disruption,Inquire,contextual,1,within_2
P24,process_disruption,Act,contextual,2,within_2
P24,process_disruption,Standardize,contextual,2,within_2
P24,autocatalysis,Inquire,contextual,2,within_2
P24,autocatalysis,Act,contextual,1,within_2
P24,autocatalysis,Standardize,contextual,1,within_2
P24,autocatalysis,Inquire,contextual,2,within_2
P24,autocatalysis,Act,direct,0,same_quote
P24,autocatalysis,Standardize,direct,0,same_quote
P24,autocatalysis,Inquire,contextual,1,within_2
P24,autocatalysis,Act,contextual,2,within_2
P24,autocatalysis,Inquire,direct,0,same_quote
P24,autocatalysis,Act,contextual,1,within_2
P24,autocatalysis,Standardize,contextual,1,within_2
P24,autocatalysis,Act,contextual,1,within_2
P24,autocatalysis,Act,contextual,2,within_2
P24,autocatalysis,Act,direct,0,same_quote
P24,autocatalysis,Act,contextual,2,within_2
P24,autocatalysis,Standardize,contextual,2,within_2
P24,autocatalysis,Inquire,contextual,1,within_2
P24,autocatalysis,Act,contextual,1,within_2
P24,autocatalysis,Train,contextual,2,within_2
P24,autocatalysis,Act,direct,0,same_quote
P24,autocatalysis,Inquire,contextual,2,within_2
P24,autocatalysis,Act,contextual,1,within_2
P24,autocatalysis,Train,contextual,1,within_2
P24,autocatalysis,Train,direct,0,same_quote
P24,autocatalysis,Act,contextual,2,within_2
P24,autocatalysis,Act,contextual,1,within_2
P24,autocatalysis,Standardize,contextual,2,within_2
P24,autocatalysis,Act,contextual,2,within_2
P24,autocatalysis,Train,contextual,1,within_2
P24,autocatalysis,Standardize,contextual,1,within_2
P24,autocatalysis,Train,contextual,2,within_2
P24,autocatalysis,Standardize,direct,0,same_quote
P24,autocatalysis,Train,contextual,2,within_2
P24,autocatalysis,Train,contextual,1,within_2
P24,autocatalysis,Train,direct,0,same_quote
P24,autocatalysis,Standardize,contextual,1,within_2
P24,autocatalysis,Train,contextual,2,within_2
P24,stochastic_uncertainty,Standardize,contextual,2,within_2
P24,stochastic_uncertainty,Train,contextual,1,within_2
P24,stochastic_uncertainty,Train,contextual,1,within_2
P24,stochastic_uncertainty,Train,contextual,2,within_2
P24,stochastic_uncertainty,Train,direct,0,same_quote
P24,stochastic_uncertainty,Train,contextual,2,within_2
P24,stochastic_uncertainty,Train,contextual,1,within_2
P24,stochastic_uncertainty,Inquire,contextual,2,within_2
P24,stochastic_uncertainty,Train,direct,0,same_quote
P24,stochastic_uncertainty,Train,contextual,1,within_2
P24,stochastic_uncertainty,Inquire,contextual,1,within_2
P24,stochastic_uncertainty,Inquire,direct,0,same_quote
P24,stochastic_uncertainty,Train,contextual,2,within_2
P24,stochastic_uncertainty,Train,contextual,1,within_2
P25,autocatalysis,Act,direct,0,same_quote
P25,autocatalysis,Act,contextual,1,within_2
P25,autocatalysis,Inquire,contextual,1,within_2
P25,autocatalysis,Act,direct,0,same_quote
P25,autocatalysis,Inquire,direct,0,same_quote
P25,autocatalysis,Act,contextual,1,within_2
P25,autocatalysis,Act,contextual,2,within_2
P25,autocatalysis,Act,contextual,1,within_2
P25,autocatalysis,Inquire,contextual,1,within_2
P25,autocatalysis,Inquire,contextual,2,within_2
P25,autocatalysis,Act,contextual,2,within_2
P25,autocatalysis,Inquire,contextual,2,within_2
P25,autocatalysis,Inquire,contextual,1,within_2
P25,autocatalysis,Train,contextual,2,within_2
P25,autocatalysis,Inquire,direct,0,same_quote
P25,autocatalysis,Train,contextual,1,within_2
P25,high_customer_expectations,Train,direct,0,same_quote
P25,high_customer_expectations,Inquire,contextual,1,within_2
P25,high_customer_expectations,Standardize,contextual,2,within_2
P25,high_customer_expectations,Inquire,contextual,2,within_2
P25,high_customer_expectations,Train,contextual,1,within_2
P25,high_customer_expectations,Standardize,contextual,1,within_2
P25,high_customer_expectations,Train,contextual,2,within_2
P25,high_customer_expectations,Standardize,direct,0,same_quote
P25,high_customer_expectations,Train,contextual,2,within_2
P25,high_customer_expectations,Train,contextual,1,within_2
P25,high_customer_expectations,Inquire,contextual,2,within_2
P25,high_customer_expectations,Train,direct,0,same_quote
P25,high_customer_expectations,Standardize,contextual,1,within_2
P25,high_customer_expectations,Inquire,contextual,1,within_2
P25,stochastic_uncertainty,Inquire,direct,0,same_quote
P25,stochastic_uncertainty,Standardize,contextual,2,within_2
P25,stochastic_uncertainty,Train,contextual,1,within_2
P25,stochastic_uncertainty,Act,contextual,2,within_2
P25,stochastic_uncertainty,Inquire,contextual,2,within_2
P25,process_disruption,Train,contextual,2,within_2
P25,process_disruption,Inquire,contextual,1,within_2
P25,process_disruption,Act,contextual,1,within_2
P25,process_disruption,Inquire,contextual,1,within_2
P25,process_disruption,Act,contextual,2,within_2
P25,process_disruption,Act,direct,0,same_quote
P25,process_disruption,Inquire,direct,0,same_quote
P25,process_disruption,Inquire,contextual,2,within_2
P25,process_disruption,Act,contextual,1,within_2
P25,process_disruption,Train,contextual,2,within_2
P25,process_disruption,Act,direct,0,same_quote
P25,process_disruption,Act,contextual,1,within_2
P25,process_disruption,Inquire,contextual,1,within_2
P25,process_disruption,Train,contextual,1,within_2
P25,process_disruption,Train,direct,0,same_quote
P25,process_disruption,Act,contextual,2,within_2
P25,process_disruption,Inquire,contextual,2,within_2
P25,process_disruption,Act,contextual,1,within_2
P26,high_customer_expectations,Act,direct,0,same_quote
P26,high_customer_expectations,Inquire,direct,0,same_quote
P26,high_customer_expectations,Act,contextual,1,within_2
P26,high_customer_expectations,Standardize,contextual,1,within_2
P26,high_customer_expectations,Act,direct,0,same_quote
P26,high_customer_expectations,Standardize,direct,0,same_quote
P26,high_customer_expectations,Act,contextual,1,within_2
P26,high_customer_expectations,Inquire,contextual,1,within_2
P26,high_customer_expectations,Inquire,contextual,2,within_2
P26,high_customer_expectations,Act,contextual,2,within_2
P26,high_customer_expectations,Inquire,contextual,2,within_2
P26,high_customer_expectations,Act,contextual,1,within_2
P26,high_customer_expectations,Standardize,contextual,1,within_2
P26,high_customer_expectations,Inquire,contextual,1,within_2
P26,high_customer_expectations,Inquire,contextual,2,within_2
P26,high_customer_expectations,Inquire,direct,0,same_quote
P26,high_customer_expectations,Act,contextual,2,within_2
P26,high_customer_expectations,Standardize,contextual,2,within_2
P26,high_customer_expectations,Inquire,contextual,1,within_2
P26,high_customer_expectations,Inquire,contextual,2,within_2
P26,high_customer_expectations,Train,contextual,2,within_2
P26,high_customer_expectations,Inquire,direct,0,same_quote
P26,high_customer_expectations,Inquire,contextual,1,within_2
P26,high_customer_expectations,Inquire,contextual,1,within_2
P26,high_customer_expectations,Train,contextual,1,within_2
P26,high_customer_expectations,Train,contextual,2,within_2
P26,high_customer_expectations,Inquire,direct,0,same_quote
P26,high_customer_expectations,Train,direct,0,same_quote
P26,high_customer_expectations,Inquire,contextual,2,within_2
P26,high_customer_expectations,Inquire,contextual,1,within_2
P26,high_customer_expectations,Train,contextual,1,within_2
P26,high_customer_expectations,Act,contextual,2,within_2
P26,high_customer_expectations,Train,contextual,2,within_2
P26,high_customer_expectations,Train,direct,0,same_quote
P26,high_customer_expectations,Inquire,contextual,2,within_2
P26,high_customer_expectations,Inquire,contextual,1,within_2
P26,high_customer_expectations,Train,contextual,1,within_2
P26,high_customer_expectations,Act,contextual,1,within_2
P26,high_customer_expectations,Train,contextual,1,within_2
P26,high_customer_expectations,Act,contextual,2,within_2
P26,high_customer_expectations,Standardize,contextual,2,within_2
P26,stochastic_uncertainty,Act,direct,0,same_quote
P26,stochastic_uncertainty,Train,direct,0,same_quote
P26,stochastic_uncertainty,Inquire,contextual,2,within_2
P26,stochastic_uncertainty,Train,contextual,2,within_2
P26,stochastic_uncertainty,Train,contextual,1,within_2
P26,stochastic_uncertainty,Act,contextual,1,within_2
P26,stochastic_uncertainty,Standardize,contextual,1,within_2
P26,stochastic_uncertainty,Inquire,contextual,2,within_2
P26,stochastic_uncertainty,Act,direct,0,same_quote
P26,stochastic_uncertainty,Standardize,direct,0,same_quote
P26,stochastic_uncertainty,Train,contextual,2,within_2
P26,stochastic_uncertainty,Act,contextual,1,within_2
P26,stochastic_uncertainty,Train,contextual,1,within_2
P26,stochastic_uncertainty,Inquire,contextual,1,within_2
P26,stochastic_uncertainty,Act,contextual,2,within_2
P26,stochastic_uncertainty,Inquire,direct,0,same_quote
P26,stochastic_uncertainty,Act,contextual,2,within_2
P26,stochastic_uncertainty,Train,contextual,2,within_2
P26,stochastic_uncertainty,Act,contextual,1,within_2
P26,stochastic_uncertainty,Standardize,contextual,1,within_2
P26,stochastic_uncertainty,Act,contextual,1,within_2
P26,stochastic_uncertainty,Act,direct,0,same_quote
P26,stochastic_uncertainty,Act,contextual,2,within_2
P26,stochastic_uncertainty,Standardize,contextual,2,within_2
P26,stochastic_uncertainty,Inquire,contextual,1,within_2
P26,stochastic_uncertainty,Inquire,contextual,2,within_2
P26,stochastic_uncertainty,Act,contextual,1,within_2
P26,stochastic_uncertainty,Act,contextual,2,within_2
P26,stochastic_uncertainty,Inquire,contextual,2,within_2
P26,stochastic_uncertainty,Act,contextual,2,within_2
P26,stochastic_uncertainty,Act,contextual,1,within_2
P26,stochastic_uncertainty,Inquire,contextual,1,within_2
P26,stochastic_uncertainty,Act,contextual,2,within_2
P26,stochastic_uncertainty,Act,direct,0,same_quote
P26,stochastic_uncertainty,Inquire,direct,0,same_quote
P26,stochastic_uncertainty,Act,contextual,1,within_2
P26,stochastic_uncertainty,Standardize,contextual,2,within_2
P26,stochastic_uncertainty,Act,direct,0,same_quote
P26,stochastic_uncertainty,Act,contextual,1,within_2
P26,stochastic_uncertainty,Inquire,contextual,1,within_2
P26,stochastic_uncertainty,Standardize,contextual,1,within_2
P26,stochastic_uncertainty,Act,contextual,2,within_2
P26,stochastic_uncertainty,Train,contextual,2,within_2
P26,stochastic_uncertainty,Standardize,direct,0,same_quote
P26,stochastic_uncertainty,Act,contextual,2,within_2
P26,stochastic_uncertainty,Inquire,contextual,2,within_2
P26,stochastic_uncertainty,Act,contextual,1,within_2
P26,stochastic_uncertainty,Act,contextual,1,within_2
P26,stochastic_uncertainty,Train,contextual,1,within_2
P26,stochastic_uncertainty,Inquire,contextual,2,within_2
P26,process_disruption,Act,direct,0,same_quote
P26,process_disruption,Train,direct,0,same_quote
P26,process_disruption,Act,contextual,2,within_2
P26,process_disruption,Standardize,contextual,1,within_2
P26,process_disruption,Inquire,contextual,1,within_2
P26,process_disruption,Act,contextual,2,within_2
P26,process_disruption,Inquire,direct,0,same_quote
P26,process_disruption,Standardize,contextual,2,within_2
P26,process_disruption,Act,contextual,1,within_2
P26,process_disruption,Train,contextual,1,within_2
P26,process_disruption,Act,contextual,1,within_2
P26,process_disruption,Train,contextual,2,within_2
P26,process_disruption,Inquire,contextual,2,within_2
P26,process_disruption,Act,direct,0,same_quote
P26,process_disruption,Act,contextual,2,within_2
P26,process_disruption,Train,contextual,2,within_2
P26,process_disruption,Inquire,contextual,1,within_2
P26,process_disruption,Train,contextual,1,within_2
P26,process_disruption,Inquire,contextual,1,within_2
P26,process_disruption,Inquire,contextual,2,within_2
P26,process_disruption,Train,direct,0,same_quote
P26,process_disruption,Inquire,direct,0,same_quote
P26,process_disruption,Inquire,contextual,2,within_2
P26,process_disruption,Act,contextual,1,within_2
P26,process_disruption,Inquire,contextual,1,within_2
P26,process_disruption,Train,contextual,2,within_2
P26,process_disruption,Inquire,direct,0,same_quote
P26,process_disruption,Act,contextual,2,within_2
P26,process_disruption,Train,contextual,1,within_2
P26,process_disruption,Inquire,contextual,1,within_2
P26,process_disruption,Train,contextual,1,within_2
P26,process_disruption,Standardize,contextual,2,within_2
P26,process_disruption,Train,direct,0,same_quote
P26,process_disruption,Train,contextual,2,within_2
P26,process_disruption,Inquire,contextual,2,within_2
P26,process_disruption,Inquire,contextual,1,within_2
P26,process_disruption,Standardize,contextual,1,within_2
P26,process_disruption,Act,contextual,2,within_2
P26,process_disruption,Inquire,contextual,2,within_2
P26,process_disruption,Standardize,direct,0,same_quote
P26,process_disruption,Inquire,contextual,2,within_2
P26,process_disruption,Train,contextual,1,within_2
P26,process_disruption,Act,contextual,1,within_2
P26,process_disruption,Inquire,contextual,1,within_2
P26,process_disruption,Act,contextual,2,within_2
P26,process_disruption,Standardize,contextual,2,within_2
P26,autocatalysis,Act,direct,0,same_quote
P26,autocatalysis,Inquire,direct,0,same_quote
P26,autocatalysis,Train,contextual,2,within_2
P26,autocatalysis,Standardize,contextual,1,within_2
P26,autocatalysis,Act,contextual,1,within_2
P26,autocatalysis,Standardize,contextual,1,within_2
P26,autocatalysis,Act,contextual,2,within_2
P26,autocatalysis,Train,contextual,2,within_2
P26,autocatalysis,Inquire,contextual,2,within_2
P26,autocatalysis,Act,direct,0,same_quote
P26,autocatalysis,Standardize,direct,0,same_quote
P26,autocatalysis,Standardize,contextual,2,within_2
P26,autocatalysis,Act,contextual,1,within_2
P26,autocatalysis,Inquire,contextual,1,within_2
P26,autocatalysis,Act,contextual,1,within_2
P26,autocatalysis,Train,contextual,1,within_2
P26,autocatalysis,Inquire,contextual,1,within_2
P26,autocatalysis,Act,contextual,2,within_2
P26,autocatalysis,Train,contextual,2,within_2
P26,autocatalysis,Inquire,contextual,2,within_2
P26,autocatalysis,Act,direct,0,same_quote
P26,autocatalysis,Train,direct,0,same_quote
P26,autocatalysis,Inquire,direct,0,same_quote
P26,autocatalysis,Act,contextual,2,within_2
P26,autocatalysis,Inquire,contextual,2,within_2
P26,autocatalysis,Act,contextual,1,within_2
P26,autocatalysis,Standardize,contextual,1,within_2
P26,autocatalysis,Act,contextual,1,within_2
P26,autocatalysis,Train,contextual,1,within_2
P26,autocatalysis,Inquire,contextual,1,within_2
P26,autocatalysis,Act,contextual,2,within_2
P26,autocatalysis,Standardize,contextual,2,within_2
P26,autocatalysis,Act,direct,0,same_quote
P26,autocatalysis,Train,direct,0,same_quote
P26,autocatalysis,Inquire,direct,0,same_quote
P26,autocatalysis,Act,contextual,2,within_2
P26,autocatalysis,Standardize,contextual,2,within_2
P26,autocatalysis,Act,contextual,1,within_2
P26,autocatalysis,Train,contextual,1,within_2
P26,autocatalysis,Inquire,contextual,1,within_2
P26,autocatalysis,Act,contextual,1,within_2
P26,autocatalysis,Standardize,contextual,1,within_2
P26,autocatalysis,Act,direct,0,same_quote
P26,autocatalysis,Standardize,direct,0,same_quote
P26,autocatalysis,Act,contextual,2,within_2
P26,autocatalysis,Train,contextual,2,within_2
P26,autocatalysis,Inquire,contextual,2,within_2
P26,autocatalysis,Act,contextual,1,within_2
P26,autocatalysis,Train,contextual,1,within_2
P26,autocatalysis,Inquire,contextual,1,within_2
P27,high_customer_expectations,Standardize,direct,0,same_quote
P27,high_customer_expectations,Inquire,contextual,1,within_2
P27,high_customer_expectations,Act,contextual,2,within_2
P27,high_customer_expectations,Inquire,direct,0,same_quote
P27,high_customer_expectations,Standardize,contextual,1,within_2
P27,high_customer_expectations,Act,contextual,1,within_2
P27,high_customer_expectations,Standardize,contextual,2,within_2
P27,high_customer_expectations,Act,direct,0,same_quote
P27,high_customer_expectations,Standardize,contextual,2,within_2
P27,high_customer_expectations,Inquire,contextual,1,within_2
P27,high_customer_expectations,Standardize,contextual,1,within_2
P27,high_customer_expectations,Standardize,direct,0,same_quote
P27,high_customer_expectations,Inquire,contextual,2,within_2
P27,high_customer_expectations,Act,contextual,1,within_2
P27,high_customer_expectations,Inquire,contextual,2,within_2
P27,high_customer_expectations,Act,contextual,2,within_2
P27,high_customer_expectations,Standardize,contextual,1,within_2
P27,high_customer_expectations,Inquire,contextual,1,within_2
P27,high_customer_expectations,Act,contextual,2,within_2
P27,high_customer_expectations,Inquire,direct,0,same_quote
P27,high_customer_expectations,Standardize,contextual,2,within_2
P27,high_customer_expectations,Act,contextual,1,within_2
P27,autocatalysis,Act,direct,0,same_quote
P27,autocatalysis,Inquire,contextual,1,within_2
P27,autocatalysis,Inquire,contextual,2,within_2
P27,autocatalysis,Act,contextual,1,within_2
P27,autocatalysis,Act,contextual,2,within_2
P27,autocatalysis,Inquire,contextual,2,within_2
P27,autocatalysis,Inquire,contextual,1,within_2
P27,autocatalysis,Inquire,contextual,2,within_2
P27,autocatalysis,Inquire,direct,0,same_quote
P27,autocatalysis,Inquire,contextual,1,within_2
P27,autocatalysis,Inquire,contextual,2,within_2
P27,autocatalysis,Standardize,contextual,2,within_2
P27,autocatalysis,Inquire,direct,0,same_quote
P27,autocatalysis,Inquire,contextual,1,within_2
P27,autocatalysis,Inquire,contextual,1,within_2
P27,autocatalysis,Standardize,contextual,1,within_2
P27,autocatalysis,Inquire,direct,0,same_quote
P27,autocatalysis,Standardize,direct,0,same_quote
P27,autocatalysis,Inquire,contextual,2,within_2
P27,autocatalysis,Inquire,contextual,1,within_2
P27,stochastic_uncertainty,Inquire,contextual,2,within_2
P27,stochastic_uncertainty,Inquire,contextual,1,within_2
P27,stochastic_uncertainty,Standardize,contextual,1,within_2
P27,stochastic_uncertainty,Act,contextual,2,within_2
P27,stochastic_uncertainty,Inquire,contextual,2,within_2
P27,stochastic_uncertainty,Standardize,contextual,2,within_2
P27,stochastic_uncertainty,Act,contextual,1,within_2
P27,stochastic_uncertainty,Act,direct,0,same_quote
P27,stochastic_uncertainty,Inquire,contextual,2,within_2
P27,stochastic_uncertainty,Act,contextual,1,within_2
P27,stochastic_uncertainty,Inquire,contextual,1,within_2
P27,stochastic_uncertainty,Standardize,contextual,2,within_2
P27,stochastic_uncertainty,Inquire,direct,0,same_quote
P27,stochastic_uncertainty,Act,contextual,2,within_2
P27,stochastic_uncertainty,Standardize,contextual,1,within_2
P27,stochastic_uncertainty,Act,contextual,2,within_2
P27,process_disruption,Standardize,direct,0,same_quote
P27,process_disruption,Inquire,contextual,1,within_2
P27,process_disruption,Act,contextual,1,within_2
P27,process_disruption,Act,contextual,2,within_2
P27,process_disruption,Act,direct,0,same_quote
P27,process_disruption,Inquire,contextual,2,within_2
P27,process_disruption,Standardize,contextual,1,within_2
P27,process_disruption,Act,contextual,1,within_2
P27,process_disruption,Inquire,contextual,2,within_2
P27,process_disruption,Act,direct,0,same_quote
P27,process_disruption,Standardize,contextual,2,within_2
P27,process_disruption,Act,contextual,1,within_2
P27,process_disruption,Inquire,contextual,1,within_2
P27,process_disruption,Train,contextual,2,within_2
P27,process_disruption,Inquire,direct,0,same_quote
P27,process_disruption,Act,contextual,2,within_2
P27,process_disruption,Act,contextual,1,within_2
P27,process_disruption,Train,contextual,1,within_2
P27,process_disruption,Inquire,contextual,2,within_2
P27,process_disruption,Train,direct,0,same_quote
P27,process_disruption,Act,contextual,2,within_2
P27,process_disruption,Inquire,contextual,1,within_2
P27,process_disruption,Inquire,contextual,1,within_2
P27,process_disruption,Inquire,contextual,2,within_2
P27,process_disruption,Inquire,direct,0,same_quote
P27,process_disruption,Inquire,contextual,2,within_2
P27,process_disruption,Train,contextual,1,within_2
P27,process_disruption,Inquire,contextual,1,within_2
P27,process_disruption,Inquire,contextual,2,within_2
P27,process_disruption,Inquire,direct,0,same_quote
P27,process_disruption,Train,contextual,2,within_2
P27,process_disruption,Inquire,contextual,1,within_2
P27,process_disruption,Inquire,contextual,1,within_2
P27,process_disruption,Inquire,direct,0,same_quote
P27,process_disruption,Inquire,contextual,2,within_2
P27,process_disruption,Inquire,contextual,1,within_2
P28,process_disruption,Act,contextual,1,within_2
P28,process_disruption,Act,contextual,2,within_2
P28,process_disruption,Standardize,contextual,2,within_2
P28,process_disruption,Act,direct,0,same_quote
P28,process_disruption,Act,contextual,1,within_2
P28,process_disruption,Standardize,contextual,1,within_2
P28,process_disruption,Act,contextual,2,within_2
P28,process_disruption,Standardize,contextual,2,within_2
P28,process_disruption,Act,direct,0,same_quote
P28,process_disruption,Standardize,direct,0,same_quote
P28,process_disruption,Act,contextual,1,within_2
P28,process_disruption,Act,contextual,1,within_2
P28,process_disruption,Standardize,contextual,1,within_2
P28,process_disruption,Act,direct,0,same_quote
P28,process_disruption,Standardize,direct,0,same_quote
P28,process_disruption,Act,contextual,2,within_2
P28,process_disruption,Act,contextual,1,within_2
P28,process_disruption,Standardize,contextual,1,within_2
P28,process_disruption,Inquire,contextual,2,within_2
P28,process_disruption,Act,contextual,2,within_2
P28,process_disruption,Standardize,contextual,2,within_2
P28,process_disruption,Act,contextual,1,within_2
P28,process_disruption,Standardize,contextual,1,within_2
P28,process_disruption,Inquire,contextual,1,within_2
P28,process_disruption,Train,contextual,2,within_2
P28,process_disruption,Standardize,contextual,2,within_2
P28,process_disruption,Inquire,direct,0,same_quote
P28,process_disruption,Act,contextual,2,within_2
P28,process_disruption,Standardize,contextual,2,within_2
P28,process_disruption,Train,contextual,1,within_2
P28,process_disruption,Standardize,contextual,1,within_2
P28,process_disruption,Act,contextual,2,within_2
P28,process_disruption,Inquire,contextual,2,within_2
P28,process_disruption,Train,direct,0,same_quote
P28,process_disruption,Standardize,direct,0,same_quote
P28,process_disruption,Inquire,contextual,1,within_2
P28,process_disruption,Act,contextual,1,within_2
P28,process_disruption,Inquire,contextual,1,within_2
P28,process_disruption,Act,direct,0,same_quote
P28,process_disruption,Inquire,direct,0,same_quote
P28,process_disruption,Inquire,contextual,2,within_2
P28,process_disruption,Train,contextual,1,within_2
P28,process_disruption,Standardize,contextual,1,within_2
P28,process_disruption,Train,contextual,2,within_2
P28,process_disruption,Standardize,contextual,2,within_2
P28,autocatalysis,Train,contextual,2,within_2
P28,autocatalysis,Standardize,contextual,2,within_2
P28,autocatalysis,Act,contextual,1,within_2
P28,autocatalysis,Inquire,contextual,1,within_2
P28,autocatalysis,Train,contextual,1,within_2
P28,autocatalysis,Standardize,contextual,1,within_2
P28,autocatalysis,Act,contextual,2,within_2
P28,autocatalysis,Standardize,contextual,2,within_2
P28,autocatalysis,Train,direct,0,same_quote
P28,autocatalysis,Standardize,direct,0,same_quote
P28,autocatalysis,Act,contextual,2,within_2
P28,autocatalysis,Inquire,contextual,2,within_2
P28,autocatalysis,Act,contextual,1,within_2
P28,autocatalysis,Standardize,contextual,1,within_2
P28,autocatalysis,Act,contextual,2,within_2
P28,autocatalysis,Standardize,contextual,2,within_2
P28,autocatalysis,Act,direct,0,same_quote
P28,autocatalysis,Standardize,direct,0,same_quote
P28,autocatalysis,Train,contextual,1,within_2
P28,autocatalysis,Standardize,contextual,1,within_2
P28,autocatalysis,Act,contextual,1,within_2
P28,autocatalysis,Standardize,contextual,1,within_2
P28,autocatalysis,Act,contextual,2,within_2
P28,autocatalysis,Standardize,contextual,2,within_2
P28,autocatalysis,Act,direct,0,same_quote
P28,autocatalysis,Standardize,direct,0,same_quote
P28,autocatalysis,Train,contextual,2,within_2
P28,autocatalysis,Standardize,contextual,2,within_2
P28,autocatalysis,Act,contextual,1,within_2
P28,autocatalysis,Standardize,contextual,1,within_2
P28,autocatalysis,Act,contextual,1,within_2
P28,autocatalysis,Standardize,contextual,1,within_2
P28,autocatalysis,Inquire,contextual,2,within_2
P28,autocatalysis,Act,direct,0,same_quote
P28,autocatalysis,Standardize,direct,0,same_quote
P28,autocatalysis,Act,contextual,2,within_2
P28,autocatalysis,Standardize,contextual,2,within_2
P28,autocatalysis,Act,contextual,1,within_2
P28,autocatalysis,Standardize,contextual,1,within_2
P28,autocatalysis,Inquire,contextual,1,within_2
P28,autocatalysis,Inquire,direct,0,same_quote
P28,autocatalysis,Act,contextual,2,within_2
P28,autocatalysis,Standardize,contextual,2,within_2
P28,autocatalysis,Act,contextual,1,within_2
P28,autocatalysis,Standardize,contextual,1,within_2
P28,stochastic_uncertainty,Act,contextual,2,within_2
P28,stochastic_uncertainty,Standardize,contextual,2,within_2
P28,stochastic_uncertainty,Inquire,contextual,1,within_2
P28,stochastic_uncertainty,Inquire,contextual,2,within_2
P28,stochastic_uncertainty,Inquire,contextual,2,within_2
P28,stochastic_uncertainty,Inquire,contextual,1,within_2
P28,stochastic_uncertainty,Act,contextual,2,within_2
P28,stochastic_uncertainty,Standardize,contextual,2,within_2
P28,stochastic_uncertainty,Inquire,direct,0,same_quote
P28,stochastic_uncertainty,Act,contextual,1,within_2
P28,stochastic_uncertainty,Standardize,contextual,1,within_2
P28,stochastic_uncertainty,Act,contextual,2,within_2
P28,stochastic_uncertainty,Standardize,contextual,2,within_2
P28,stochastic_uncertainty,Act,direct,0,same_quote
P28,stochastic_uncertainty,Standardize,direct,0,same_quote
P28,stochastic_uncertainty,Inquire,contextual,1,within_2
P28,stochastic_uncertainty,Act,contextual,1,within_2
P28,stochastic_uncertainty,Standardize,contextual,1,within_2
P28,stochastic_uncertainty,Act,direct,0,same_quote
P28,stochastic_uncertainty,Standardize,direct,0,same_quote
P28,stochastic_uncertainty,Inquire,contextual,2,within_2
P28,stochastic_uncertainty,Act,contextual,1,within_2
P28,stochastic_uncertainty,Standardize,contextual,1,within_2
P28,stochastic_uncertainty,Act,contextual,2,within_2
P28,stochastic_uncertainty,Standardize,contextual,2,within_2
P28,stochastic_uncertainty,Act,contextual,1,within_2
P28,stochastic_uncertainty,Standardize,contextual,1,within_2
P28,stochastic_uncertainty,Inquire,contextual,2,within_2
P28,stochastic_uncertainty,Act,contextual,2,within_2
P28,stochastic_uncertainty,Standardize,contextual,2,within_2
P28,stochastic_uncertainty,Inquire,contextual,1,within_2
P28,stochastic_uncertainty,Inquire,direct,0,same_quote
P28,high_customer_expectations,Inquire,contextual,1,within_2
P28,high_customer_expectations,Act,contextual,2,within_2
P28,high_customer_expectations,Inquire,contextual,2,within_2
P28,high_customer_expectations,Act,contextual,1,within_2
P28,high_customer_expectations,Inquire,contextual,2,within_2
P28,high_customer_expectations,Act,direct,0,same_quote
P28,high_customer_expectations,Inquire,contextual,1,within_2
P28,high_customer_expectations,Inquire,direct,0,same_quote
P28,high_customer_expectations,Act,contextual,1,within_2
P28,high_customer_expectations,Act,contextual,2,within_2
P28,high_customer_expectations,Inquire,contextual,1,within_2
P28,high_customer_expectations,Inquire,contextual,2,within_2
P29,process_disruption,Act,direct,0,same_quote
P29,process_disruption,Standardize,direct,0,same_quote
P29,process_disruption,Train,contextual,1,within_2
P29,process_disruption,Standardize,contextual,2,within_2
P29,process_disruption,Train,contextual,2,within_2
P29,process_disruption,Train,direct,0,same_quote
P29,process_disruption,Act,contextual,1,within_2
P29,process_disruption,Standardize,contextual,1,within_2
P29,process_disruption,Standardize,contextual,1,within_2
P29,process_disruption,Train,contextual,1,within_2
P29,process_disruption,Standardize,contextual,2,within_2
P29,process_disruption,Standardize,direct,0,same_quote
P29,process_disruption,Train,direct,0,same_quote
P29,process_disruption,Act,contextual,2,within_2
P29,process_disruption,Standardize,contextual,2,within_2
P29,process_disruption,Train,contextual,1,within_2
P29,process_disruption,Standardize,contextual,1,within_2
P29,process_disruption,Inquire,contextual,2,within_2
P29,process_disruption,Standardize,direct,0,same_quote
P29,process_disruption,Train,contextual,2,within_2
P29,process_disruption,Standardize,contextual,1,within_2
P29,process_disruption,Train,contextual,1,within_2
P29,process_disruption,Inquire,contextual,1,within_2
P29,process_disruption,Inquire,direct,0,same_quote
P29,process_disruption,Standardize,contextual,2,within_2
P29,process_disruption,Train,contextual,2,within_2
P29,process_disruption,Standardize,contextual,1,within_2
P29,process_disruption,Train,contextual,2,within_2
P29,process_disruption,Standardize,contextual,2,within_2
P29,process_disruption,Standardize,contextual,2,within_2
P29,process_disruption,Inquire,contextual,1,within_2
P29,process_disruption,Train,contextual,1,within_2
P29,process_disruption,Standardize,contextual,1,within_2
P29,process_disruption,Train,direct,0,same_quote
P29,process_disruption,Standardize,direct,0,same_quote
P29,process_disruption,Inquire,contextual,2,within_2
P29,process_disruption,Train,contextual,2,within_2
P29,process_disruption,Train,contextual,1,within_2
P29,process_disruption,Standardize,contextual,1,within_2
P29,process_disruption,Train,contextual,1,within_2
P29,process_disruption,Train,contextual,2,within_2
P29,process_disruption,Train,direct,0,same_quote
P29,process_disruption,Train,contextual,2,within_2
P29,process_disruption,Standardize,contextual,2,within_2
P29,process_disruption,Train,contextual,1,within_2
P29,process_disruption,Act,contextual,2,within_2
P29,process_disruption,Standardize,contextual,2,within_2
P29,stochastic_uncertainty,Train,direct,0,same_quote
P29,stochastic_uncertainty,Train,contextual,1,within_2
P29,stochastic_uncertainty,Act,contextual,1,within_2
P29,stochastic_uncertainty,Standardize,contextual,1,within_2
P29,stochastic_uncertainty,Act,contextual,2,within_2
P29,stochastic_uncertainty,Act,direct,0,same_quote
P29,stochastic_uncertainty,Standardize,direct,0,same_quote
P29,stochastic_uncertainty,Train,contextual,2,within_2
P29,stochastic_uncertainty,Train,contextual,1,within_2
P29,stochastic_uncertainty,Act,contextual,1,within_2
P29,stochastic_uncertainty,Inquire,contextual,2,within_2
P29,stochastic_uncertainty,Act,direct,0,same_quote
P29,stochastic_uncertainty,Train,contextual,2,within_2
P29,stochastic_uncertainty,Act,contextual,1,within_2
P29,stochastic_uncertainty,Standardize,contextual,1,within_2
P29,stochastic_uncertainty,Inquire,contextual,1,within_2
P29,stochastic_uncertainty,Inquire,direct,0,same_quote
P29,stochastic_uncertainty,Act,contextual,2,within_2
P29,stochastic_uncertainty,Standardize,contextual,2,within_2
P29,stochastic_uncertainty,Act,contextual,1,within_2
P29,stochastic_uncertainty,Act,contextual,2,within_2
P29,stochastic_uncertainty,Standardize,contextual,2,within_2
P29,high_customer_expectations,Act,contextual,2,within_2
P29,high_customer_expectations,Inquire,contextual,1,within_2
P29,high_customer_expectations,Act,contextual,1,within_2
P29,high_customer_expectations,Standardize,contextual,1,within_2
P29,high_customer_expectations,Standardize,contextual,2,within_2
P29,high_customer_expectations,Act,direct,0,same_quote
P29,high_customer_expectations,Standardize,direct,0,same_quote
P29,high_customer_expectations,Inquire,contextual,2,within_2
P29,high_customer_expectations,Standardize,contextual,1,within_2
P29,high_customer_expectations,Inquire,contextual,2,within_2
P29,high_customer_expectations,Standardize,direct,0,same_quote
P29,high_customer_expectations,Act,contextual,1,within_2
P29,high_customer_expectations,Standardize,contextual,1,within_2
P29,high_customer_expectations,Inquire,contextual,1,within_2
P29,high_customer_expectations,Inquire,direct,0,same_quote
P29,high_customer_expectations,Act,contextual,2,within_2
P29,high_customer_expectations,Standardize,contextual,2,within_2
P29,high_customer_expectations,Standardize,contextual,1,within_2
P29,high_customer_expectations,Act,contextual,2,within_2
P29,high_customer_expectations,Standardize,contextual,2,within_2
P29,high_customer_expectations,Inquire,contextual,1,within_2
P29,high_customer_expectations,Act,contextual,1,within_2
P29,high_customer_expectations,Act,contextual,2,within_2
P29,high_customer_expectations,Act,direct,0,same_quote
P29,high_customer_expectations,Inquire,contextual,2,within_2
P29,high_customer_expectations,Act,contextual,1,within_2
P29,high_customer_expectations,Train,contextual,2,within_2
P29,high_customer_expectations,Act,direct,0,same_quote
P29,high_customer_expectations,Act,contextual,1,within_2
P29,high_customer_expectations,Train,contextual,1,within_2
P29,high_customer_expectations,Train,direct,0,same_quote
P29,high_customer_expectations,Act,contextual,2,within_2
P29,high_customer_expectations,Act,contextual,1,within_2
P29,high_customer_expectations,Train,contextual,2,within_2
P29,high_customer_expectations,Act,contextual,2,within_2
P29,high_customer_expectations,Train,contextual,1,within_2
P29,high_customer_expectations,Train,contextual,1,within_2
P29,high_customer_expectations,Act,contextual,2,within_2
P29,high_customer_expectations,Train,contextual,2,within_2
P29,autocatalysis,Train,direct,0,same_quote
P29,autocatalysis,Train,contextual,2,within_2
P29,autocatalysis,Act,contextual,1,within_2
P29,autocatalysis,Train,contextual,1,within_2
P29,autocatalysis,Inquire,contextual,2,within_2
P29,autocatalysis,Act,direct,0,same_quote
P29,autocatalysis,Train,direct,0,same_quote
P29,autocatalysis,Train,contextual,1,within_2
P29,autocatalysis,Inquire,contextual,1,within_2
P29,autocatalysis,Standardize,contextual,2,within_2
P29,autocatalysis,Inquire,direct,0,same_quote
P29,autocatalysis,Train,contextual,2,within_2
P29,autocatalysis,Act,contextual,1,within_2
P29,autocatalysis,Train,contextual,1,within_2
P29,autocatalysis,Standardize,contextual,1,within_2
P29,autocatalysis,Standardize,direct,0,same_quote
P29,autocatalysis,Act,contextual,2,within_2
P29,autocatalysis,Train,contextual,2,within_2
P29,autocatalysis,Inquire,contextual,1,within_2
P29,autocatalysis,Train,contextual,2,within_2
P29,autocatalysis,Inquire,contextual,2,within_2
P29,autocatalysis,Standardize,contextual,1,within_2
P29,autocatalysis,Train,contextual,1,within_2
P29,autocatalysis,Train,direct,0,same_quote
P29,autocatalysis,Standardize,contextual,2,within_2
P29,autocatalysis,Train,contextual,1,within_2
P29,autocatalysis,Train,contextual,2,within_2
P3,stochastic_uncertainty,Train,contextual,1,within_2
P3,stochastic_uncertainty,Train,direct,0,same_quote
P3,stochastic_uncertainty,Train,contextual,1,within_2
P3,stochastic_uncertainty,Train,contextual,2,within_2
P3,stochastic_uncertainty,Inquire,contextual,2,within_2
P3,stochastic_uncertainty,Inquire,contextual,1,within_2
P3,stochastic_uncertainty,Standardize,contextual,2,within_2
P3,stochastic_uncertainty,Inquire,direct,0,same_quote
P3,stochastic_uncertainty,Standardize,contextual,1,within_2
P3,stochastic_uncertainty,Standardize,direct,0,same_quote
P3,stochastic_uncertainty,Inquire,contextual,1,within_2
P3,stochastic_uncertainty,Inquire,contextual,2,within_2
P3,stochastic_uncertainty,Standardize,contextual,1,within_2
P3,stochastic_uncertainty,Train,contextual,2,within_2
P3,stochastic_uncertainty,Standardize,contextual,2,within_2
P3,stochastic_uncertainty,Train,contextual,1,within_2
P3,stochastic_uncertainty,Train,direct,0,same_quote
P3,stochastic_uncertainty,Train,contextual,1,within_2
P3,stochastic_uncertainty,Inquire,contextual,2,within_2
P3,stochastic_uncertainty,Train,contextual,2,within_2
P3,stochastic_uncertainty,Inquire,contextual,1,within_2
P3,stochastic_uncertainty,Inquire,contextual,2,within_2
P3,stochastic_uncertainty,Inquire,direct,0,same_quote
P3,stochastic_uncertainty,Inquire,contextual,1,within_2
P3,stochastic_uncertainty,Act,contextual,2,within_2
P3,stochastic_uncertainty,Standardize,contextual,2,within_2
P3,high_customer_expectations,Inquire,direct,0,same_quote
P3,high_customer_expectations,Inquire,contextual,1,within_2
P3,high_customer_expectations,Act,contextual,1,within_2
P3,high_customer_expectations,Standardize,contextual,1,within_2
P3,high_customer_expectations,Standardize,contextual,2,within_2
P3,high_customer_expectations,Act,direct,0,same_quote
P3,high_customer_expectations,Standardize,direct,0,same_quote
P3,high_customer_expectations,Inquire,contextual,2,within_2
P3,high_customer_expectations,Inquire,contextual,1,within_2
P3,high_customer_expectations,Standardize,contextual,1,within_2
P3,high_customer_expectations,Standardize,direct,0,same_quote
P3,high_customer_expectations,Inquire,contextual,2,within_2
P3,high_customer_expectations,Act,contextual,1,within_2
P3,high_customer_expectations,Standardize,contextual,1,within_2
P3,high_customer_expectations,Train,contextual,2,within_2
P3,high_customer_expectations,Act,contextual,2,within_2
P3,high_customer_expectations,Standardize,contextual,2,within_2
P3,high_customer_expectations,Standardize,contextual,1,within_2
P3,high_customer_expectations,Train,contextual,1,within_2
P3,high_customer_expectations,Act,contextual,2,within_2
P3,high_customer_expectations,Standardize,contextual,2,within_2
P3,high_customer_expectations,Train,direct,0,same_quote
P3,high_customer_expectations,Standardize,contextual,2,within_2
P3,high_customer_expectations,Act,contextual,1,within_2
P3,high_customer_expectations,Standardize,contextual,1,within_2
P3,high_customer_expectations,Standardize,contextual,2,within_2
P3,autocatalysis,Act,direct,0,same_quote
P3,autocatalysis,Standardize,direct,0,same_quote
P3,autocatalysis,Train,contextual,1,within_2
P3,autocatalysis,Standardize,contextual,1,within_2
P3,autocatalysis,Standardize,contextual,2,within_2
P3,autocatalysis,Standardize,direct,0,same_quote
P3,autocatalysis,Train,contextual,2,within_2
P3,autocatalysis,Act,contextual,1,within_2
P3,autocatalysis,Standardize,contextual,1,within_2
P3,autocatalysis,Standardize,contextual,1,within_2
P3,autocatalysis,Inquire,contextual,2,within_2
P3,autocatalysis,Standardize,direct,0,same_quote
P3,autocatalysis,Act,contextual,2,within_2
P3,autocatalysis,Standardize,contextual,2,within_2
P3,autocatalysis,Standardize,contextual,1,within_2
P3,autocatalysis,Inquire,contextual,1,within_2
P3,autocatalysis,Train,contextual,2,within_2
P3,autocatalysis,Inquire,direct,0,same_quote
P3,autocatalysis,Standardize,contextual,2,within_2
P3,autocatalysis,Standardize,contextual,1,within_2
P3,autocatalysis,Train,contextual,1,within_2
P3,autocatalysis,Train,direct,0,same_quote
P3,autocatalysis,Standardize,contextual,2,within_2
P3,autocatalysis,Inquire,contextual,1,within_2
P3,autocatalysis,Inquire,contextual,2,within_2
P3,autocatalysis,Inquire,contextual,2,within_2
P3,autocatalysis,Train,contextual,1,within_2
P3,autocatalysis,Inquire,contextual,1,within_2
P3,autocatalysis,Standardize,contextual,2,within_2
P3,autocatalysis,Inquire,direct,0,same_quote
P3,autocatalysis,Train,contextual,2,within_2
P3,autocatalysis,Standardize,contextual,1,within_2
P3,autocatalysis,Standardize,direct,0,same_quote
P3,autocatalysis,Inquire,contextual,1,within_2
P3,autocatalysis,Inquire,contextual,2,within_2
P3,process_disruption,Inquire,contextual,2,within_2
P3,process_disruption,Standardize,contextual,1,within_2
P3,process_disruption,Inquire,contextual,1,within_2
P3,process_disruption,Inquire,contextual,2,within_2
P3,process_disruption,Inquire,direct,0,same_quote
P3,process_disruption,Standardize,contextual,2,within_2
P3,process_disruption,Inquire,contextual,1,within_2
P3,process_disruption,Inquire,direct,0,same_quote
P3,process_disruption,Inquire,contextual,1,within_2
P3,process_disruption,Train,contextual,2,within_2
P3,process_disruption,Inquire,contextual,2,within_2
P3,process_disruption,Inquire,contextual,1,within_2
P3,process_disruption,Train,contextual,1,within_2
P3,process_disruption,Act,contextual,2,within_2
P3,process_disruption,Train,direct,0,same_quote
P3,process_disruption,Inquire,contextual,2,within_2
P3,process_disruption,Act,contextual,1,within_2
P3,process_disruption,Train,contextual,2,within_2
P3,process_disruption,Act,direct,0,same_quote
P3,process_disruption,Train,contextual,1,within_2
P3,process_disruption,Train,contextual,1,within_2
P3,process_disruption,Standardize,contextual,2,within_2
P3,process_disruption,Train,direct,0,same_quote
P3,process_disruption,Train,contextual,2,within_2
P3,process_disruption,Act,contextual,1,within_2
P3,process_disruption,Standardize,contextual,1,within_2
P3,process_disruption,Standardize,direct,0,same_quote
P3,process_disruption,Act,contextual,2,within_2
P3,process_disruption,Train,contextual,1,within_2
P3,process_disruption,Train,contextual,2,within_2
P3,process_disruption,Standardize,contextual,1,within_2
P30,process_disruption,Train,direct,0,same_quote
P30,process_disruption,Act,contextual,1,within_2
P30,process_disruption,Inquire,contextual,2,within_2
P30,process_disruption,Act,direct,0,same_quote
P30,process_disruption,Train,contextual,1,within_2
P30,process_disruption,Inquire,contextual,1,within_2
P30,process_disruption,Act,contextual,2,within_2
P30,process_disruption,Standardize,contextual,2,within_2
P30,process_disruption,Inquire,direct,0,same_quote
P30,process_disruption,Train,contextual,2,within_2
P30,process_disruption,Act,contextual,1,within_2
P30,process_disruption,Act,contextual,1,within_2
P30,process_disruption,Standardize,contextual,1,within_2
P30,process_disruption,Act,direct,0,same_quote
P30,process_disruption,Standardize,direct,0,same_quote
P30,process_disruption,Act,contextual,2,within_2
P30,process_disruption,Inquire,contextual,1,within_2
P30,process_disruption,Inquire,contextual,2,within_2
P30,process_disruption,Act,contextual,1,within_2
P30,process_disruption,Standardize,contextual,1,within_2
P30,process_disruption,Act,contextual,2,within_2
P30,process_disruption,Standardize,contextual,2,within_2
P30,process_disruption,Act,contextual,2,within_2
P30,process_disruption,Act,contextual,1,within_2
P30,process_disruption,Act,direct,0,same_quote
P30,stochastic_uncertainty,Act,contextual,1,within_2
P30,stochastic_uncertainty,Act,contextual,2,within_2
P30,stochastic_uncertainty,Act,contextual,2,within_2
P30,stochastic_uncertainty,Act,contextual,1,within_2
P30,stochastic_uncertainty,Train,contextual,2,within_2
P30,stochastic_uncertainty,Act,direct,0,same_quote
P30,stochastic_uncertainty,Train,contextual,1,within_2
P30,stochastic_uncertainty,Act,contextual,2,within_2
P30,stochastic_uncertainty,Standardize,contextual,2,within_2
P30,high_customer_expectations,Train,direct,0,same_quote
P30,high_customer_expectations,Act,contextual,1,within_2
P30,high_customer_expectations,Act,contextual,1,within_2
P30,high_customer_expectations,Standardize,contextual,1,within_2
P30,high_customer_expectations,Inquire,contextual,2,within_2
P30,high_customer_expectations,Act,direct,0,same_quote
P30,high_customer_expectations,Standardize,direct,0,same_quote
P30,high_customer_expectations,Act,contextual,2,within_2
P30,high_customer_expectations,Train,contextual,1,within_2
P30,high_customer_expectations,Inquire,contextual,1,within_2
P30,high_customer_expectations,Inquire,contextual,2,within_2
P30,high_customer_expectations,Inquire,direct,0,same_quote
P30,high_customer_expectations,Train,contextual,2,within_2
P30,high_customer_expectations,Act,contextual,1,within_2
P30,high_customer_expectations,Standardize,contextual,1,within_2
P30,high_customer_expectations,Inquire,contextual,1,within_2
P30,high_customer_expectations,Inquire,contextual,2,within_2
P30,high_customer_expectations,Inquire,direct,0,same_quote
P30,high_customer_expectations,Act,contextual,2,within_2
P30,high_customer_expectations,Standardize,contextual,2,within_2
P30,high_customer_expectations,Inquire,contextual,1,within_2
P30,high_customer_expectations,Inquire,contextual,1,within_2
P30,high_customer_expectations,Inquire,contextual,2,within_2
P30,high_customer_expectations,Inquire,direct,0,same_quote
P30,high_customer_expectations,Inquire,contextual,2,within_2
P30,high_customer_expectations,Inquire,contextual,1,within_2
P30,high_customer_expectations,Inquire,contextual,1,within_2
P30,high_customer_expectations,Act,contextual,2,within_2
P30,high_customer_expectations,Inquire,direct,0,same_quote
P30,high_customer_expectations,Inquire,contextual,2,within_2
P30,high_customer_expectations,Inquire,contextual,1,within_2
P30,high_customer_expectations,Act,contextual,1,within_2
P30,high_customer_expectations,Train,contextual,2,within_2
P30,high_customer_expectations,Act,direct,0,same_quote
P30,high_customer_expectations,Inquire,contextual,2,within_2
P30,high_customer_expectations,Inquire,contextual,1,within_2
P30,high_customer_expectations,Train,contextual,1,within_2
P30,high_customer_expectations,Act,contextual,2,within_2
P30,high_customer_expectations,Standardize,contextual,2,within_2
P30,autocatalysis,Train,direct,0,same_quote
P30,autocatalysis,Inquire,contextual,2,within_2
P30,autocatalysis,Act,contextual,1,within_2
P30,autocatalysis,Act,contextual,1,within_2
P30,autocatalysis,Standardize,contextual,1,within_2
P30,autocatalysis,Act,contextual,2,within_2
P30,autocatalysis,Standardize,contextual,2,within_2
P30,autocatalysis,Act,direct,0,same_quote
P30,autocatalysis,Standardize,direct,0,same_quote
P30,autocatalysis,Act,contextual,2,within_2
P30,autocatalysis,Train,contextual,1,within_2
P30,autocatalysis,Act,contextual,1,within_2
P30,autocatalysis,Standardize,contextual,1,within_2
P30,autocatalysis,Act,direct,0,same_quote
P30,autocatalysis,Standardize,direct,0,same_quote
P30,autocatalysis,Train,contextual,2,within_2
P30,autocatalysis,Act,contextual,1,within_2
P30,autocatalysis,Standardize,contextual,1,within_2
P30,autocatalysis,Act,contextual,2,within_2
P30,autocatalysis,Standardize,contextual,2,within_2
P30,autocatalysis,Act,contextual,2,within_2
P30,autocatalysis,Standardize,contextual,2,within_2
P30,autocatalysis,Act,contextual,1,within_2
P30,autocatalysis,Standardize,contextual,1,within_2
P30,autocatalysis,Act,contextual,1,within_2
P30,autocatalysis,Standardize,contextual,1,within_2
P30,autocatalysis,Standardize,contextual,2,within_2
P30,autocatalysis,Act,direct,0,same_quote
P30,autocatalysis,Standardize,direct,0,same_quote
P30,autocatalysis,Act,contextual,2,within_2
P30,autocatalysis,Standardize,contextual,2,within_2
P30,autocatalysis,Standardize,contextual,1,within_2
P30,autocatalysis,Standardize,direct,0,same_quote
P30,autocatalysis,Act,contextual,1,within_2
P30,autocatalysis,Standardize,contextual,1,within_2
P30,autocatalysis,Act,contextual,2,within_2
P30,autocatalysis,Standardize,contextual,2,within_2
P30,autocatalysis,Standardize,contextual,1,within_2
P31,high_customer_expectations,Inquire,direct,0,same_quote
P31,high_customer_expectations,Inquire,contextual,1,within_2
P31,high_customer_expectations,Inquire,contextual,2,within_2
P31,high_customer_expectations,Inquire,direct,0,same_quote
P31,high_customer_expectations,Inquire,contextual,1,within_2
P31,high_customer_expectations,Inquire,contextual,1,within_2
P31,high_customer_expectations,Inquire,contextual,2,within_2
P31,high_customer_expectations,Inquire,direct,0,same_quote
P31,high_customer_expectations,Inquire,contextual,2,within_2
P31,high_customer_expectations,Inquire,contextual,1,within_2
P31,high_customer_expectations,Inquire,contextual,1,within_2
P31,high_customer_expectations,Act,contextual,2,within_2
P31,high_customer_expectations,Standardize,contextual,2,within_2
P31,high_customer_expectations,Inquire,direct,0,same_quote
P31,high_customer_expectations,Inquire,contextual,2,within_2
P31,high_customer_expectations,Inquire,contextual,1,within_2
P31,high_customer_expectations,Act,contextual,1,within_2
P31,high_customer_expectations,Standardize,contextual,1,within_2
P31,high_customer_expectations,Inquire,contextual,2,within_2
P31,high_customer_expectations,Act,direct,0,same_quote
P31,high_customer_expectations,Standardize,direct,0,same_quote
P31,high_customer_expectations,Inquire,contextual,2,within_2
P31,high_customer_expectations,Inquire,contextual,1,within_2
P31,high_customer_expectations,Inquire,contextual,1,within_2
P31,high_customer_expectations,Standardize,contextual,2,within_2
P31,high_customer_expectations,Inquire,direct,0,same_quote
P31,high_customer_expectations,Inquire,contextual,2,within_2
P31,high_customer_expectations,Act,contextual,1,within_2
P31,high_customer_expectations,Standardize,contextual,1,within_2
P31,high_customer_expectations,Standardize,contextual,1,within_2
P31,high_customer_expectations,Act,contextual,2,within_2
P31,high_customer_expectations,Standardize,direct,0,same_quote
P31,high_customer_expectations,Act,contextual,2,within_2
P31,high_customer_expectations,Standardize,contextual,2,within_2
P31,high_customer_expectations,Inquire,contextual,1,within_2
P31,high_customer_expectations,Act,contextual,1,within_2
P31,high_customer_expectations,Act,contextual,2,within_2
P31,high_customer_expectations,Standardize,contextual,2,within_2
P31,process_disruption,Act,direct,0,same_quote
P31,process_disruption,Inquire,contextual,2,within_2
P31,process_disruption,Standardize,contextual,1,within_2
P31,process_disruption,Act,contextual,1,within_2
P31,process_disruption,Standardize,contextual,1,within_2
P31,process_disruption,Inquire,contextual,2,within_2
P31,process_disruption,Act,direct,0,same_quote
P31,process_disruption,Standardize,direct,0,same_quote
P31,process_disruption,Standardize,contextual,2,within_2
P31,process_disruption,Act,contextual,1,within_2
P31,process_disruption,Inquire,contextual,1,within_2
P31,process_disruption,Train,contextual,2,within_2
P31,process_disruption,Inquire,direct,0,same_quote
P31,process_disruption,Act,contextual,2,within_2
P31,process_disruption,Act,contextual,1,within_2
P31,process_disruption,Standardize,contextual,1,within_2
P31,process_disruption,Train,contextual,1,within_2
P31,process_disruption,Train,direct,0,same_quote
P31,process_disruption,Act,contextual,2,within_2
P31,process_disruption,Standardize,contextual,2,within_2
P31,process_disruption,Inquire,contextual,1,within_2
P31,process_disruption,Inquire,contextual,2,within_2
P31,process_disruption,Inquire,contextual,2,within_2
P31,process_disruption,Train,contextual,1,within_2
P31,process_disruption,Inquire,contextual,1,within_2
P31,process_disruption,Act,contextual,2,within_2
P31,process_disruption,Inquire,contextual,2,within_2
P31,process_disruption,Inquire,direct,0,same_quote
P31,process_disruption,Train,contextual,2,within_2
P31,process_disruption,Act,contextual,1,within_2
P31,process_disruption,Inquire,contextual,1,within_2
P31,process_disruption,Act,direct,0,same_quote
P31,process_disruption,Inquire,direct,0,same_quote
P31,process_disruption,Inquire,contextual,1,within_2
P31,process_disruption,Inquire,contextual,2,within_2
P31,process_disruption,Inquire,contextual,2,within_2
P31,process_disruption,Act,contextual,1,within_2
P31,process_disruption,Inquire,contextual,1,within_2
P31,process_disruption,Inquire,contextual,1,within_2
P31,process_disruption,Act,contextual,2,within_2
P31,process_disruption,Inquire,direct,0,same_quote
P31,process_disruption,Act,contextual,2,within_2
P31,process_disruption,Inquire,contextual,2,within_2
P31,process_disruption,Act,contextual,1,within_2
P31,process_disruption,Act,direct,0,same_quote
P31,process_disruption,Inquire,contextual,1,within_2
P31,process_disruption,Inquire,contextual,2,within_2
P31,process_disruption,Act,contextual,1,within_2
P31,process_disruption,Inquire,contextual,2,within_2
P31,process_disruption,Act,contextual,2,within_2
P31,process_disruption,Inquire,contextual,1,within_2
P31,process_disruption,Inquire,contextual,2,within_2
P31,process_disruption,Inquire,direct,0,same_quote
P31,process_disruption,Inquire,contextual,1,within_2
P31,process_disruption,Inquire,contextual,2,within_2
P31,stochastic_uncertainty,Inquire,direct,0,same_quote
P31,stochastic_uncertainty,Inquire,contextual,1,within_2
P31,stochastic_uncertainty,Inquire,contextual,1,within_2
P31,stochastic_uncertainty,Train,contextual,2,within_2
P31,stochastic_uncertainty,Inquire,direct,0,same_quote
P31,stochastic_uncertainty,Inquire,contextual,2,within_2
P31,stochastic_uncertainty,Inquire,contextual,1,within_2
P31,stochastic_uncertainty,Train,contextual,1,within_2
P31,stochastic_uncertainty,Act,contextual,2,within_2
P31,stochastic_uncertainty,Train,direct,0,same_quote
P31,stochastic_uncertainty,Inquire,contextual,2,within_2
P31,stochastic_uncertainty,Inquire,contextual,1,within_2
P31,stochastic_uncertainty,Act,contextual,1,within_2
P31,stochastic_uncertainty,Standardize,contextual,2,within_2
P31,stochastic_uncertainty,Act,direct,0,same_quote
P31,stochastic_uncertainty,Inquire,contextual,2,within_2
P31,stochastic_uncertainty,Train,contextual,1,within_2
P31,stochastic_uncertainty,Standardize,contextual,1,within_2
P31,stochastic_uncertainty,Inquire,contextual,2,within_2
P31,stochastic_uncertainty,Standardize,direct,0,same_quote
P31,stochastic_uncertainty,Train,contextual,2,within_2
P31,stochastic_uncertainty,Act,contextual,1,within_2
P31,stochastic_uncertainty,Inquire,contextual,1,within_2
P31,stochastic_uncertainty,Act,contextual,2,within_2
P31,stochastic_uncertainty,Inquire,direct,0,same_quote
P31,stochastic_uncertainty,Act,contextual,2,within_2
P31,stochastic_uncertainty,Standardize,contextual,1,within_2
P31,stochastic_uncertainty,Act,contextual,1,within_2
P31,stochastic_uncertainty,Act,contextual,2,within_2
P31,stochastic_uncertainty,Inquire,contextual,2,within_2
P31,stochastic_uncertainty,Act,direct,0,same_quote
P31,stochastic_uncertainty,Standardize,contextual,2,within_2
P31,stochastic_uncertainty,Inquire,contextual,1,within_2
P31,stochastic_uncertainty,Act,contextual,1,within_2
P31,stochastic_uncertainty,Inquire,contextual,1,within_2
P31,stochastic_uncertainty,Act,contextual,2,within_2
P31,autocatalysis,Act,direct,0,same_quote
P31,autocatalysis,Inquire,direct,0,same_quote
P31,autocatalysis,Inquire,contextual,2,within_2
P31,autocatalysis,Act,contextual,1,within_2
P31,autocatalysis,Act,contextual,1,within_2
P31,autocatalysis,Inquire,contextual,2,within_2
P31,autocatalysis,Act,direct,0,same_quote
P31,autocatalysis,Act,contextual,2,within_2
P31,autocatalysis,Act,contextual,1,within_2
P31,autocatalysis,Inquire,contextual,1,within_2
P31,autocatalysis,Inquire,contextual,1,within_2
P31,autocatalysis,Inquire,contextual,2,within_2
P31,autocatalysis,Inquire,direct,0,same_quote
P31,autocatalysis,Act,contextual,2,within_2
P31,autocatalysis,Inquire,contextual,2,within_2
P31,autocatalysis,Act,contextual,1,within_2
P31,autocatalysis,Inquire,contextual,1,within_2
P31,autocatalysis,Inquire,direct,0,same_quote
P31,autocatalysis,Act,contextual,2,within_2
P31,autocatalysis,Inquire,contextual,1,within_2
P31,autocatalysis,Act,contextual,2,within_2
P31,autocatalysis,Inquire,contextual,2,within_2
P31,autocatalysis,Inquire,contextual,2,within_2
P31,autocatalysis,Inquire,contextual,1,within_2
P31,autocatalysis,Act,contextual,1,within_2
P31,autocatalysis,Inquire,contextual,1,within_2
P31,autocatalysis,Inquire,contextual,2,within_2
P31,autocatalysis,Act,direct,0,same_quote
P31,autocatalysis,Inquire,direct,0,same_quote
P31,autocatalysis,Inquire,contextual,2,within_2
P31,autocatalysis,Inquire,contextual,1,within_2
P31,autocatalysis,Inquire,direct,0,same_quote
P31,autocatalysis,Act,contextual,1,within_2
P31,autocatalysis,Inquire,contextual,1,within_2
P32,autocatalysis,Act,direct,0,same_quote
P32,autocatalysis,Act,contextual,1,within_2
P32,autocatalysis,Inquire,contextual,1,within_2
P32,autocatalysis,Act,contextual,2,within_2
P32,autocatalysis,Train,contextual,2,within_2
P32,autocatalysis,Act,direct,0,same_quote
P32,autocatalysis,Inquire,direct,0,same_quote
P32,autocatalysis,Act,contextual,1,within_2
P32,autocatalysis,Act,contextual,1,within_2
P32,autocatalysis,Train,contextual,1,within_2
P32,autocatalysis,Act,direct,0,same_quote
P32,autocatalysis,Train,direct,0,same_quote
P32,autocatalysis,Act,contextual,2,within_2
P32,autocatalysis,Act,contextual,1,within_2
P32,autocatalysis,Inquire,contextual,1,within_2
P32,autocatalysis,Act,contextual,2,within_2
P32,autocatalysis,Inquire,contextual,2,within_2
P32,autocatalysis,Act,contextual,1,within_2
P32,autocatalysis,Train,contextual,1,within_2
P32,autocatalysis,Act,contextual,2,within_2
P32,autocatalysis,Act,contextual,2,within_2
P32,autocatalysis,Train,contextual,2,within_2
P32,autocatalysis,Act,contextual,1,within_2
P32,autocatalysis,Act,direct,0,same_quote
P32,autocatalysis,Act,contextual,2,within_2
P32,autocatalysis,Inquire,contextual,2,within_2
P32,autocatalysis,Act,contextual,1,within_2
P32,autocatalysis,Act,contextual,1,within_2
P32,autocatalysis,Inquire,contextual,1,within_2
P32,autocatalysis,Act,contextual,2,within_2
P32,autocatalysis,Train,contextual,2,within_2
P32,high_customer_expectations,Act,direct,0,same_quote
P32,high_customer_expectations,Inquire,direct,0,same_quote
P32,high_customer_expectations,Act,contextual,2,within_2
P32,high_customer_expectations,Act,contextual,1,within_2
P32,high_customer_expectations,Train,contextual,1,within_2
P32,high_customer_expectations,Train,contextual,2,within_2
P32,high_customer_expectations,Act,direct,0,same_quote
P32,high_customer_expectations,Train,direct,0,same_quote
P32,high_customer_expectations,Act,contextual,1,within_2
P32,high_customer_expectations,Inquire,contextual,1,within_2
P32,high_customer_expectations,Train,contextual,1,within_2
P32,high_customer_expectations,Train,direct,0,same_quote
P32,high_customer_expectations,Act,contextual,2,within_2
P32,high_customer_expectations,Inquire,contextual,2,within_2
P32,high_customer_expectations,Act,contextual,1,within_2
P32,high_customer_expectations,Train,contextual,1,within_2
P32,high_customer_expectations,Act,contextual,2,within_2
P32,high_customer_expectations,Act,contextual,2,within_2
P32,high_customer_expectations,Train,contextual,2,within_2
P32,high_customer_expectations,Train,contextual,1,within_2
P32,high_customer_expectations,Act,contextual,1,within_2
P32,high_customer_expectations,Act,contextual,2,within_2
P32,high_customer_expectations,Act,direct,0,same_quote
P32,high_customer_expectations,Train,contextual,2,within_2
P32,high_customer_expectations,Act,contextual,1,within_2
P32,high_customer_expectations,Act,contextual,2,within_2
P32,high_customer_expectations,Train,contextual,2,within_2
P32,high_customer_expectations,Act,direct,0,same_quote
P32,high_customer_expectations,Act,contextual,1,within_2
P32,high_customer_expectations,Act,contextual,1,within_2
P32,high_customer_expectations,Train,contextual,1,within_2
P32,high_customer_expectations,Act,contextual,2,within_2
P32,high_customer_expectations,Inquire,contextual,2,within_2
P32,stochastic_uncertainty,Act,direct,0,same_quote
P32,stochastic_uncertainty,Train,direct,0,same_quote
P32,stochastic_uncertainty,Act,contextual,2,within_2
P32,stochastic_uncertainty,Act,contextual,1,within_2
P32,stochastic_uncertainty,Act,contextual,1,within_2
P32,stochastic_uncertainty,Inquire,contextual,1,within_2
P32,stochastic_uncertainty,Act,direct,0,same_quote
P32,stochastic_uncertainty,Inquire,direct,0,same_quote
P32,stochastic_uncertainty,Act,contextual,2,within_2
P32,stochastic_uncertainty,Act,contextual,1,within_2
P32,stochastic_uncertainty,Train,contextual,1,within_2
P32,stochastic_uncertainty,Act,contextual,2,within_2
P32,stochastic_uncertainty,Train,contextual,2,within_2
P32,stochastic_uncertainty,Act,contextual,1,within_2
P32,stochastic_uncertainty,Inquire,contextual,1,within_2
P32,stochastic_uncertainty,Act,contextual,2,within_2
P32,stochastic_uncertainty,Inquire,contextual,2,within_2
P32,stochastic_uncertainty,Act,contextual,2,within_2
P32,stochastic_uncertainty,Standardize,contextual,2,within_2
P32,stochastic_uncertainty,Act,contextual,1,within_2
P32,stochastic_uncertainty,Standardize,contextual,1,within_2
P32,stochastic_uncertainty,Act,contextual,2,within_2
P32,stochastic_uncertainty,Act,direct,0,same_quote
P32,stochastic_uncertainty,Standardize,direct,0,same_quote
P32,stochastic_uncertainty,Act,contextual,1,within_2
P32,stochastic_uncertainty,Train,contextual,2,within_2
P32,stochastic_uncertainty,Act,direct,0,same_quote
P32,stochastic_uncertainty,Act,contextual,1,within_2
P32,stochastic_uncertainty,Standardize,contextual,1,within_2
P32,stochastic_uncertainty,Train,contextual,1,within_2
P32,stochastic_uncertainty,Act,contextual,2,within_2
P32,process_disruption,Train,direct,0,same_quote
P32,process_disruption,Act,contextual,2,within_2
P32,process_disruption,Standardize,contextual,2,within_2
P32,process_disruption,Act,contextual,1,within_2
P32,process_disruption,Act,contextual,1,within_2
P32,process_disruption,Act,contextual,2,within_2
P32,process_disruption,Act,direct,0,same_quote
P32,process_disruption,Act,contextual,2,within_2
P32,process_disruption,Train,contextual,1,within_2
P32,process_disruption,Act,contextual,1,within_2
P32,process_disruption,Train,contextual,2,within_2
P32,process_disruption,Act,direct,0,same_quote
P32,process_disruption,Train,contextual,2,within_2
P32,process_disruption,Act,contextual,1,within_2
P32,process_disruption,Train,contextual,1,within_2
P32,process_disruption,Train,direct,0,same_quote
P32,process_disruption,Act,contextual,2,within_2
P32,process_disruption,Act,contextual,1,within_2
P32,process_disruption,Act,contextual,2,within_2
P32,process_disruption,Inquire,contextual,2,within_2
P32,process_disruption,Act,contextual,2,within_2
P32,process_disruption,Train,contextual,1,within_2
P32,process_disruption,Act,contextual,1,within_2
P32,process_disruption,Inquire,contextual,1,within_2
P32,process_disruption,Train,contextual,2,within_2
P32,process_disruption,Act,direct,0,same_quote
P32,process_disruption,Inquire,direct,0,same_quote
P32,process_disruption,Train,contextual,2,within_2
P32,process_disruption,Train,contextual,1,within_2
P32,process_disruption,Train,direct,0,same_quote
P32,process_disruption,Act,contextual,1,within_2
P32,process_disruption,Inquire,contextual,1,within_2
P32,process_disruption,Act,contextual,2,within_2
P32,process_disruption,Inquire,contextual,2,within_2
P32,process_disruption,Train,contextual,1,within_2
P33,high_customer_expectations,Inquire,direct,0,same_quote
P33,high_customer_expectations,Inquire,contextual,1,within_2
P33,high_customer_expectations,Inquire,direct,0,same_quote
P33,high_customer_expectations,Inquire,contextual,1,within_2
P33,high_customer_expectations,Inquire,contextual,2,within_2
P33,high_customer_expectations,Inquire,contextual,1,within_2
P33,high_customer_expectations,Inquire,contextual,2,within_2
P33,high_customer_expectations,Inquire,contextual,2,within_2
P33,high_customer_expectations,Inquire,contextual,1,within_2
P33,high_customer_expectations,Inquire,contextual,2,within_2
P33,autocatalysis,Inquire,direct,0,same_quote
P33,autocatalysis,Inquire,contextual,1,within_2
P33,autocatalysis,Standardize,contextual,2,within_2
P33,autocatalysis,Inquire,direct,0,same_quote
P33,autocatalysis,Inquire,contextual,1,within_2
P33,autocatalysis,Standardize,contextual,1,within_2
P33,autocatalysis,Train,contextual,2,within_2
P33,autocatalysis,Standardize,contextual,2,within_2
P33,autocatalysis,Standardize,direct,0,same_quote
P33,autocatalysis,Inquire,contextual,2,within_2
P33,autocatalysis,Inquire,contextual,1,within_2
P33,autocatalysis,Train,contextual,1,within_2
P33,autocatalysis,Standardize,contextual,1,within_2
P33,autocatalysis,Act,contextual,2,within_2
P33,autocatalysis,Train,direct,0,same_quote
P33,autocatalysis,Standardize,direct,0,same_quote
P33,autocatalysis,Inquire,contextual,2,within_2
P33,autocatalysis,Standardize,contextual,1,within_2
P33,autocatalysis,Act,contextual,1,within_2
P33,autocatalysis,Act,direct,0,same_quote
P33,autocatalysis,Standardize,contextual,2,within_2
P33,autocatalysis,Train,contextual,1,within_2
P33,autocatalysis,Standardize,contextual,1,within_2
P33,autocatalysis,Act,contextual,2,within_2
P33,autocatalysis,Inquire,contextual,2,within_2
P33,autocatalysis,Train,contextual,2,within_2
P33,autocatalysis,Standardize,contextual,2,within_2
P33,autocatalysis,Act,contextual,1,within_2
P33,autocatalysis,Act,contextual,1,within_2
P33,autocatalysis,Inquire,contextual,1,within_2
P33,autocatalysis,Act,direct,0,same_quote
P33,autocatalysis,Inquire,direct,0,same_quote
P33,autocatalysis,Act,contextual,2,within_2
P33,autocatalysis,Inquire,contextual,2,within_2
P33,stochastic_uncertainty,Act,contextual,1,within_2
P33,stochastic_uncertainty,Inquire,contextual,1,within_2
P33,stochastic_uncertainty,Inquire,contextual,1,within_2
P33,stochastic_uncertainty,Inquire,contextual,2,within_2
P33,stochastic_uncertainty,Inquire,direct,0,same_quote
P33,stochastic_uncertainty,Act,contextual,2,within_2
P33,stochastic_uncertainty,Inquire,contextual,2,within_2
P33,stochastic_uncertainty,Inquire,contextual,1,within_2
P33,stochastic_uncertainty,Inquire,direct,0,same_quote
P33,stochastic_uncertainty,Inquire,contextual,1,within_2
P33,stochastic_uncertainty,Inquire,contextual,2,within_2
P33,stochastic_uncertainty,Inquire,contextual,2,within_2
P33,stochastic_uncertainty,Inquire,contextual,1,within_2
P33,stochastic_uncertainty,Inquire,contextual,1,within_2
P33,stochastic_uncertainty,Train,contextual,2,within_2
P33,stochastic_uncertainty,Inquire,direct,0,same_quote
P33,stochastic_uncertainty,Inquire,contextual,2,within_2
P33,stochastic_uncertainty,Train,contextual,1,within_2
P33,stochastic_uncertainty,Train,direct,0,same_quote
P33,stochastic_uncertainty,Inquire,contextual,1,within_2
P33,stochastic_uncertainty,Inquire,contextual,2,within_2
P33,stochastic_uncertainty,Inquire,contextual,2,within_2
P33,stochastic_uncertainty,Train,contextual,1,within_2
P33,stochastic_uncertainty,Inquire,contextual,1,within_2
P33,stochastic_uncertainty,Inquire,contextual,2,within_2
P33,process_disruption,Inquire,direct,0,same_quote
P33,process_disruption,Train,contextual,2,within_2
P33,process_disruption,Inquire,contextual,1,within_2
P33,process_disruption,Inquire,contextual,2,within_2
P33,process_disruption,Standardize,contextual,2,within_2
P33,process_disruption,Inquire,direct,0,same_quote
P33,process_disruption,Inquire,contextual,1,within_2
P33,process_disruption,Inquire,contextual,1,within_2
P33,process_disruption,Standardize,contextual,1,within_2
P33,process_disruption,Act,contextual,2,within_2
P33,process_disruption,Standardize,contextual,2,within_2
P33,process_disruption,Inquire,direct,0,same_quote
P33,process_disruption,Standardize,direct,0,same_quote
P33,process_disruption,Inquire,contextual,2,within_2
P33,process_disruption,Inquire,contextual,1,within_2
P33,process_disruption,Act,contextual,1,within_2
P33,process_disruption,Standardize,contextual,1,within_2
P33,process_disruption,Act,contextual,2,within_2
P33,process_disruption,Inquire,contextual,2,within_2
P33,process_disruption,Act,direct,0,same_quote
P33,process_disruption,Standardize,direct,0,same_quote
P33,process_disruption,Inquire,contextual,2,within_2
P33,process_disruption,Inquire,contextual,1,within_2
P33,process_disruption,Standardize,contextual,1,within_2
P33,process_disruption,Act,contextual,1,within_2
P33,process_disruption,Inquire,contextual,1,within_2
P33,process_disruption,Train,contextual,2,within_2
P33,process_disruption,Act,direct,0,same_quote
P33,process_disruption,Inquire,direct,0,same_quote
P33,process_disruption,Inquire,contextual,2,within_2
P33,process_disruption,Standardize,contextual,2,within_2
P33,process_disruption,Act,contextual,1,within_2
P33,process_disruption,Standardize,contextual,1,within_2
P33,process_disruption,Train,contextual,1,within_2
P33,process_disruption,Train,direct,0,same_quote
P33,process_disruption,Act,contextual,2,within_2
P33,process_disruption,Standardize,contextual,2,within_2
P33,process_disruption,Act,contextual,1,within_2
P33,process_disruption,Inquire,contextual,1,within_2
P33,process_disruption,Inquire,contextual,2,within_2
P33,process_disruption,Act,contextual,2,within_2
P33,process_disruption,Inquire,contextual,2,within_2
P33,process_disruption,Train,contextual,1,within_2
P33,process_disruption,Inquire,contextual,1,within_2
P33,process_disruption,Inquire,direct,0,same_quote
P33,process_disruption,Train,contextual,2,within_2
P34,autocatalysis,Act,direct,0,same_quote
P34,autocatalysis,Standardize,contextual,2,within_2
P34,autocatalysis,Act,contextual,1,within_2
P34,autocatalysis,Standardize,contextual,1,within_2
P34,autocatalysis,Standardize,direct,0,same_quote
P34,autocatalysis,Act,contextual,2,within_2
P34,autocatalysis,Train,contextual,2,within_2
P34,autocatalysis,Standardize,contextual,1,within_2
P34,autocatalysis,Train,contextual,1,within_2
P34,autocatalysis,Inquire,contextual,2,within_2
P34,autocatalysis,Train,direct,0,same_quote
P34,autocatalysis,Standardize,contextual,2,within_2
P34,autocatalysis,Inquire,contextual,1,within_2
P34,autocatalysis,Standardize,contextual,2,within_2
P34,high_customer_expectations,Inquire,direct,0,same_quote
P34,high_customer_expectations,Train,contextual,1,within_2
P34,high_customer_expectations,Standardize,contextual,1,within_2
P34,high_customer_expectations,Inquire,contextual,2,within_2
P34,high_customer_expectations,Standardize,contextual,2,within_2
P34,high_customer_expectations,Standardize,direct,0,same_quote
P34,high_customer_expectations,Train,contextual,2,within_2
P34,high_customer_expectations,Inquire,contextual,1,within_2
P34,high_customer_expectations,Inquire,contextual,1,within_2
P34,high_customer_expectations,Standardize,contextual,1,within_2
P34,high_customer_expectations,Act,contextual,2,within_2
P34,high_customer_expectations,Inquire,direct,0,same_quote
P34,high_customer_expectations,Standardize,direct,0,same_quote
P34,high_customer_expectations,Inquire,contextual,2,within_2
P34,high_customer_expectations,Standardize,contextual,1,within_2
P34,high_customer_expectations,Act,contextual,1,within_2
P34,high_customer_expectations,Act,contextual,2,within_2
P34,high_customer_expectations,Train,contextual,2,within_2
P34,high_customer_expectations,Act,direct,0,same_quote
P34,high_customer_expectations,Standardize,contextual,2,within_2
P34,high_customer_expectations,Inquire,contextual,1,within_2
P34,high_customer_expectations,Standardize,contextual,1,within_2
P34,high_customer_expectations,Act,contextual,1,within_2
P34,high_customer_expectations,Train,contextual,1,within_2
P34,high_customer_expectations,Train,contextual,2,within_2
P34,process_disruption,Act,direct,0,same_quote
P34,process_disruption,Train,direct,0,same_quote
P34,process_disruption,Inquire,contextual,2,within_2
P34,process_disruption,Standardize,contextual,2,within_2
P34,process_disruption,Act,contextual,1,within_2
P34,process_disruption,Train,contextual,1,within_2
P34,process_disruption,Act,contextual,2,within_2
P34,process_disruption,Standardize,contextual,2,within_2
P34,process_disruption,Train,direct,0,same_quote
P34,process_disruption,Act,contextual,2,within_2
P34,process_disruption,Act,contextual,1,within_2
P34,process_disruption,Train,contextual,1,within_2
P34,process_disruption,Act,contextual,1,within_2
P34,process_disruption,Standardize,contextual,1,within_2
P34,process_disruption,Inquire,contextual,2,within_2
P34,process_disruption,Act,direct,0,same_quote
P34,process_disruption,Standardize,direct,0,same_quote
P34,process_disruption,Act,contextual,2,within_2
P34,process_disruption,Train,contextual,2,within_2
P34,process_disruption,Train,contextual,1,within_2
P34,process_disruption,Inquire,contextual,1,within_2
P34,process_disruption,Inquire,direct,0,same_quote
P34,process_disruption,Train,contextual,2,within_2
P34,process_disruption,Act,contextual,1,within_2
P34,process_disruption,Standardize,contextual,1,within_2
P34,process_disruption,Act,contextual,2,within_2
P34,process_disruption,Act,contextual,2,within_2
P34,process_disruption,Standardize,contextual,2,within_2
P34,process_disruption,Inquire,contextual,1,within_2
P34,process_disruption,Act,contextual,1,within_2
P34,process_disruption,Act,contextual,2,within_2
P34,process_disruption,Act,direct,0,same_quote
P34,process_disruption,Inquire,contextual,2,within_2
P34,process_disruption,Act,contextual,1,within_2
P34,process_disruption,Act,contextual,2,within_2
P34,process_disruption,Inquire,contextual,2,within_2
P34,stochastic_uncertainty,Act,direct,0,same_quote
P34,stochastic_uncertainty,Act,contextual,1,within_2
P34,stochastic_uncertainty,Act,contextual,1,within_2
P34,stochastic_uncertainty,Inquire,contextual,1,within_2
P34,stochastic_uncertainty,Act,contextual,2,within_2
P34,stochastic_uncertainty,Inquire,contextual,2,within_2
P34,stochastic_uncertainty,Act,direct,0,same_quote
P34,stochastic_uncertainty,Inquire,direct,0,same_quote
P34,stochastic_uncertainty,Act,contextual,2,within_2
P34,stochastic_uncertainty,Act,contextual,1,within_2
P34,stochastic_uncertainty,Act,contextual,1,within_2
P34,stochastic_uncertainty,Inquire,contextual,1,within_2
P34,stochastic_uncertainty,Act,direct,0,same_quote
P34,stochastic_uncertainty,Inquire,direct,0,same_quote
P34,stochastic_uncertainty,Act,contextual,2,within_2
P34,stochastic_uncertainty,Act,contextual,1,within_2
P34,stochastic_uncertainty,Inquire,contextual,1,within_2
P34,stochastic_uncertainty,Act,contextual,2,within_2
P34,stochastic_uncertainty,Inquire,contextual,2,within_2
P34,stochastic_uncertainty,Act,contextual,1,within_2
P34,stochastic_uncertainty,Inquire,contextual,1,within_2
P35 and P36,process_disruption,Act,direct,0,same_quote
P35 and P36,process_disruption,Act,contextual,1,within_2
P35 and P36,process_disruption,Act,contextual,2,within_2
P35 and P36,process_disruption,Inquire,contextual,2,within_2
P35 and P36,process_disruption,Act,direct,0,same_quote
P35 and P36,process_disruption,Act,contextual,1,within_2
P35 and P36,process_disruption,Act,contextual,1,within_2
P35 and P36,process_disruption,Inquire,contextual,1,within_2
P35 and P36,process_disruption,Standardize,contextual,2,within_2
P35 and P36,process_disruption,Act,direct,0,same_quote
P35 and P36,process_disruption,Inquire,direct,0,same_quote
P35 and P36,process_disruption,Act,contextual,2,within_2
P35 and P36,process_disruption,Act,contextual,1,within_2
P35 and P36,process_disruption,Standardize,contextual,1,within_2
P35 and P36,process_disruption,Inquire,contextual,2,within_2
P35 and P36,process_disruption,Train,contextual,2,within_2
P35 and P36,process_disruption,Standardize,direct,0,same_quote
P35 and P36,process_disruption,Act,contextual,2,within_2
P35 and P36,process_disruption,Act,contextual,1,within_2
P35 and P36,process_disruption,Inquire,contextual,1,within_2
P35 and P36,process_disruption,Inquire,contextual,1,within_2
P35 and P36,process_disruption,Train,contextual,1,within_2
P35 and P36,process_disruption,Act,contextual,2,within_2
P35 and P36,process_disruption,Inquire,contextual,2,within_2
P35 and P36,process_disruption,Inquire,direct,0,same_quote
P35 and P36,process_disruption,Train,direct,0,same_quote
P35 and P36,process_disruption,Act,contextual,2,within_2
P35 and P36,process_disruption,Inquire,contextual,2,within_2
P35 and P36,process_disruption,Standardize,contextual,1,within_2
P35 and P36,process_disruption,Act,contextual,1,within_2
P35 and P36,process_disruption,Inquire,contextual,1,within_2
P35 and P36,process_disruption,Standardize,contextual,2,within_2
P35 and P36,process_disruption,Act,direct,0,same_quote
P35 and P36,process_disruption,Inquire,direct,0,same_quote
P35 and P36,process_disruption,Standardize,contextual,2,within_2
P35 and P36,process_disruption,Inquire,contextual,1,within_2
P35 and P36,process_disruption,Train,contextual,1,within_2
P35 and P36,process_disruption,Standardize,contextual,1,within_2
P35 and P36,process_disruption,Standardize,direct,0,same_quote
P35 and P36,process_disruption,Inquire,contextual,2,within_2
P35 and P36,process_disruption,Train,contextual,2,within_2
P35 and P36,process_disruption,Act,contextual,1,within_2
P35 and P36,process_disruption,Inquire,contextual,1,within_2
P35 and P36,process_disruption,Act,contextual,2,within_2
P35 and P36,stochastic_uncertainty,Act,contextual,2,within_2
P35 and P36,stochastic_uncertainty,Inquire,contextual,2,within_2
P35 and P36,stochastic_uncertainty,Standardize,contextual,1,within_2
P35 and P36,stochastic_uncertainty,Act,contextual,1,within_2
P35 and P36,stochastic_uncertainty,Act,contextual,2,within_2
P35 and P36,stochastic_uncertainty,Act,direct,0,same_quote
P35 and P36,stochastic_uncertainty,Standardize,contextual,2,within_2
P35 and P36,stochastic_uncertainty,Act,contextual,1,within_2
P35 and P36,stochastic_uncertainty,Act,contextual,2,within_2
P35 and P36,stochastic_uncertainty,Act,direct,0,same_quote
P35 and P36,stochastic_uncertainty,Act,contextual,1,within_2
P35 and P36,stochastic_uncertainty,Act,contextual,1,within_2
P35 and P36,stochastic_uncertainty,Act,direct,0,same_quote
P35 and P36,stochastic_uncertainty,Act,contextual,2,within_2
P35 and P36,stochastic_uncertainty,Act,contextual,1,within_2
P35 and P36,stochastic_uncertainty,Act,contextual,2,within_2
P35 and P36,stochastic_uncertainty,Act,contextual,1,within_2
P35 and P36,stochastic_uncertainty,Act,contextual,2,within_2
P35 and P36,stochastic_uncertainty,Act,contextual,2,within_2
P35 and P36,stochastic_uncertainty,Act,contextual,1,within_2
P35 and P36,stochastic_uncertainty,Act,contextual,2,within_2
P35 and P36,stochastic_uncertainty,Act,direct,0,same_quote
P35 and P36,stochastic_uncertainty,Act,contextual,1,within_2
P35 and P36,stochastic_uncertainty,Act,contextual,2,within_2
P35 and P36,autocatalysis,Act,direct,0,same_quote
P35 and P36,autocatalysis,Act,contextual,1,within_2
P35 and P36,autocatalysis,Act,contextual,1,within_2
P35 and P36,autocatalysis,Act,direct,0,same_quote
P35 and P36,autocatalysis,Act,contextual,2,within_2
P35 and P36,autocatalysis,Act,contextual,1,within_2
P35 and P36,autocatalysis,Act,contextual,2,within_2
P35 and P36,autocatalysis,Act,contextual,2,within_2
P35 and P36,autocatalysis,Act,contextual,1,within_2
P35 and P36,autocatalysis,Act,contextual,1,within_2
P35 and P36,autocatalysis,Act,contextual,2,within_2
P35 and P36,autocatalysis,Act,direct,0,same_quote
P35 and P36,autocatalysis,Act,contextual,2,within_2
P35 and P36,autocatalysis,Act,contextual,1,within_2
P35 and P36,autocatalysis,Act,direct,0,same_quote
P35 and P36,autocatalysis,Act,contextual,1,within_2
P35 and P36,autocatalysis,Act,contextual,2,within_2
P35 and P36,autocatalysis,Act,contextual,1,within_2
P35 and P36,autocatalysis,Act,contextual,2,within_2
P35 and P36,autocatalysis,Standardize,contextual,2,within_2
P35 and P36,autocatalysis,Standardize,contextual,1,within_2
P35 and P36,autocatalysis,Act,contextual,2,within_2
P35 and P36,autocatalysis,Standardize,contextual,2,within_2
P35 and P36,autocatalysis,Standardize,direct,0,same_quote
P35 and P36,autocatalysis,Act,contextual,1,within_2
P35 and P36,autocatalysis,Standardize,contextual,1,within_2
P35 and P36,autocatalysis,Act,contextual,2,within_2
P35 and P36,high_customer_expectations,Act,direct,0,same_quote
P35 and P36,high_customer_expectations,Standardize,direct,0,same_quote
P35 and P36,high_customer_expectations,Standardize,contextual,1,within_2
P35 and P36,high_customer_expectations,Act,contextual,1,within_2
P35 and P36,high_customer_expectations,Act,contextual,2,within_2
P35 and P36,high_customer_expectations,Inquire,contextual,2,within_2
P35 and P36,high_customer_expectations,Act,direct,0,same_quote
P35 and P36,high_customer_expectations,Standardize,contextual,2,within_2
P35 and P36,high_customer_expectations,Act,contextual,1,within_2
P35 and P36,high_customer_expectations,Standardize,contextual,1,within_2
P35 and P36,high_customer_expectations,Act,contextual,1,within_2
P35 and P36,high_customer_expectations,Inquire,contextual,1,within_2
P35 and P36,high_customer_expectations,Act,contextual,2,within_2
P35 and P36,high_customer_expectations,Act,direct,0,same_quote
P35 and P36,high_customer_expectations,Inquire,direct,0,same_quote
P35 and P36,high_customer_expectations,Act,contextual,2,within_2
P35 and P36,high_customer_expectations,Standardize,contextual,2,within_2
P35 and P36,high_customer_expectations,Act,contextual,1,within_2
P35 and P36,high_customer_expectations,Act,contextual,1,within_2
P35 and P36,high_customer_expectations,Act,contextual,2,within_2
P35 and P36,high_customer_expectations,Act,direct,0,same_quote
P35 and P36,high_customer_expectations,Act,contextual,2,within_2
P35 and P36,high_customer_expectations,Act,contextual,1,within_2
P35 and P36,high_customer_expectations,Inquire,contextual,1,within_2
P35 and P36,high_customer_expectations,Act,contextual,1,within_2
P35 and P36,high_customer_expectations,Act,contextual,2,within_2
P35 and P36,high_customer_expectations,Inquire,contextual,2,within_2
P35 and P36,high_customer_expectations,Train,contextual,2,within_2
P35 and P36,high_customer_expectations,Act,direct,0,same_quote
P35 and P36,high_customer_expectations,Act,contextual,2,within_2
P35 and P36,high_customer_expectations,Inquire,contextual,2,within_2
P35 and P36,high_customer_expectations,Act,contextual,1,within_2
P35 and P36,high_customer_expectations,Act,contextual,1,within_2
P35 and P36,high_customer_expectations,Inquire,contextual,1,within_2
P35 and P36,high_customer_expectations,Train,contextual,1,within_2
P35 and P36,high_customer_expectations,Act,direct,0,same_quote
P35 and P36,high_customer_expectations,Inquire,direct,0,same_quote
P35 and P36,high_customer_expectations,Train,direct,0,same_quote
P35 and P36,high_customer_expectations,Act,contextual,2,within_2
P35 and P36,high_customer_expectations,Act,contextual,1,within_2
P37,process_disruption,Act,direct,0,same_quote
P37,process_disruption,Standardize,direct,0,same_quote
P37,process_disruption,Act,contextual,1,within_2
P37,process_disruption,Inquire,contextual,1,within_2
P37,process_disruption,Act,contextual,2,within_2
P37,process_disruption,Act,direct,0,same_quote
P37,process_disruption,Inquire,direct,0,same_quote
P37,process_disruption,Act,contextual,1,within_2
P37,process_disruption,Standardize,contextual,1,within_2
P37,process_disruption,Act,contextual,1,within_2
P37,process_disruption,Act,contextual,2,within_2
P37,process_disruption,Act,direct,0,same_quote
P37,process_disruption,Act,contextual,2,within_2
P37,process_disruption,Standardize,contextual,2,within_2
P37,process_disruption,Act,contextual,1,within_2
P37,process_disruption,Inquire,contextual,1,within_2
P37,process_disruption,Act,contextual,1,within_2
P37,process_disruption,Inquire,contextual,2,within_2
P37,process_disruption,Act,direct,0,same_quote
P37,process_disruption,Act,contextual,2,within_2
P37,process_disruption,Inquire,contextual,2,within_2
P37,process_disruption,Act,contextual,1,within_2
P37,process_disruption,Inquire,contextual,1,within_2
P37,process_disruption,Inquire,contextual,2,within_2
P37,process_disruption,Inquire,direct,0,same_quote
P37,process_disruption,Act,contextual,2,within_2
P37,process_disruption,Act,contextual,1,within_2
P37,process_disruption,Inquire,contextual,1,within_2
P37,process_disruption,Act,contextual,2,within_2
P37,process_disruption,Inquire,direct,0,same_quote
P37,process_disruption,Act,contextual,2,within_2
P37,process_disruption,Inquire,contextual,1,within_2
P37,process_disruption,Act,contextual,1,within_2
P37,process_disruption,Inquire,contextual,2,within_2
P37,stochastic_uncertainty,Act,direct,0,same_quote
P37,stochastic_uncertainty,Inquire,contextual,2,within_2
P37,stochastic_uncertainty,Inquire,contextual,1,within_2
P37,stochastic_uncertainty,Inquire,contextual,1,within_2
P37,stochastic_uncertainty,Act,contextual,2,within_2
P37,stochastic_uncertainty,Standardize,contextual,2,within_2
P37,stochastic_uncertainty,Inquire,direct,0,same_quote
P37,stochastic_uncertainty,Inquire,contextual,2,within_2
P37,stochastic_uncertainty,Act,contextual,1,within_2
P37,stochastic_uncertainty,Act,contextual,1,within_2
P37,stochastic_uncertainty,Standardize,contextual,1,within_2
P37,stochastic_uncertainty,Inquire,contextual,2,within_2
P37,stochastic_uncertainty,Act,direct,0,same_quote
P37,stochastic_uncertainty,Standardize,direct,0,same_quote
P37,stochastic_uncertainty,Act,contextual,2,within_2
P37,stochastic_uncertainty,Inquire,contextual,1,within_2
P37,stochastic_uncertainty,Inquire,contextual,1,within_2
P37,stochastic_uncertainty,Inquire,contextual,2,within_2
P37,stochastic_uncertainty,Inquire,direct,0,same_quote
P37,stochastic_uncertainty,Inquire,contextual,2,within_2
P37,stochastic_uncertainty,Act,contextual,1,within_2
P37,stochastic_uncertainty,Standardize,contextual,1,within_2
P37,stochastic_uncertainty,Inquire,contextual,1,within_2
P37,stochastic_uncertainty,Inquire,contextual,2,within_2
P37,stochastic_uncertainty,Inquire,direct,0,same_quote
P37,stochastic_uncertainty,Act,contextual,2,within_2
P37,stochastic_uncertainty,Standardize,contextual,2,within_2
P37,stochastic_uncertainty,Inquire,contextual,1,within_2
P37,stochastic_uncertainty,Inquire,contextual,1,within_2
P37,stochastic_uncertainty,Inquire,contextual,2,within_2
P37,stochastic_uncertainty,Inquire,direct,0,same_quote
P37,stochastic_uncertainty,Inquire,contextual,2,within_2
P37,stochastic_uncertainty,Inquire,contextual,1,within_2
P37,stochastic_uncertainty,Inquire,contextual,1,within_2
P37,stochastic_uncertainty,Train,contextual,2,within_2
P37,stochastic_uncertainty,Inquire,direct,0,same_quote
P37,stochastic_uncertainty,Inquire,contextual,2,within_2
P37,stochastic_uncertainty,Inquire,contextual,1,within_2
P37,stochastic_uncertainty,Train,contextual,1,within_2
P37,stochastic_uncertainty,Inquire,contextual,2,within_2
P37,stochastic_uncertainty,Train,direct,0,same_quote
P37,stochastic_uncertainty,Inquire,contextual,2,within_2
P37,stochastic_uncertainty,Inquire,contextual,1,within_2
P37,stochastic_uncertainty,Inquire,contextual,1,within_2
P37,stochastic_uncertainty,Standardize,contextual,2,within_2
P37,stochastic_uncertainty,Inquire,direct,0,same_quote
P37,stochastic_uncertainty,Inquire,contextual,2,within_2
P37,stochastic_uncertainty,Train,contextual,1,within_2
P37,stochastic_uncertainty,Standardize,contextual,1,within_2
P37,stochastic_uncertainty,Act,contextual,2,within_2
P37,stochastic_uncertainty,Standardize,contextual,2,within_2
P37,high_customer_expectations,Standardize,direct,0,same_quote
P37,high_customer_expectations,Train,contextual,2,within_2
P37,high_customer_expectations,Inquire,contextual,1,within_2
P37,high_customer_expectations,Act,contextual,1,within_2
P37,high_customer_expectations,Standardize,contextual,1,within_2
P37,high_customer_expectations,Act,contextual,2,within_2
P37,high_customer_expectations,Inquire,contextual,2,within_2
P37,high_customer_expectations,Act,direct,0,same_quote
P37,high_customer_expectations,Standardize,direct,0,same_quote
P37,high_customer_expectations,Inquire,contextual,2,within_2
P37,high_customer_expectations,Standardize,contextual,1,within_2
P37,high_customer_expectations,Act,contextual,1,within_2
P37,high_customer_expectations,Inquire,contextual,1,within_2
P37,high_customer_expectations,Train,contextual,2,within_2
P37,high_customer_expectations,Act,direct,0,same_quote
P37,high_customer_expectations,Inquire,direct,0,same_quote
P37,high_customer_expectations,Standardize,contextual,2,within_2
P37,high_customer_expectations,Act,contextual,1,within_2
P37,high_customer_expectations,Standardize,contextual,1,within_2
P37,high_customer_expectations,Train,contextual,1,within_2
P37,high_customer_expectations,Train,contextual,2,within_2
P37,autocatalysis,Train,direct,0,same_quote
P37,autocatalysis,Act,contextual,2,within_2
P37,autocatalysis,Standardize,contextual,2,within_2
P37,autocatalysis,Act,contextual,1,within_2
P37,autocatalysis,Inquire,contextual,1,within_2
P37,autocatalysis,Train,contextual,1,within_2
P37,autocatalysis,Act,contextual,2,within_2
P37,autocatalysis,Inquire,contextual,2,within_2
P37,autocatalysis,Train,direct,0,same_quote
P37,autocatalysis,Act,contextual,2,within_2
P37,autocatalysis,Inquire,contextual,2,within_2
P37,autocatalysis,Train,contextual,1,within_2
P37,autocatalysis,Act,contextual,1,within_2
P37,autocatalysis,Inquire,contextual,1,within_2
P37,autocatalysis,Act,contextual,2,within_2
P37,autocatalysis,Standardize,contextual,2,within_2
P37,autocatalysis,Act,direct,0,same_quote
P37,autocatalysis,Inquire,direct,0,same_quote
P37,autocatalysis,Train,contextual,2,within_2
P37,autocatalysis,Train,contextual,1,within_2
P37,autocatalysis,Act,contextual,1,within_2
P37,autocatalysis,Standardize,contextual,1,within_2
P37,autocatalysis,Act,contextual,2,within_2
P37,autocatalysis,Act,direct,0,same_quote
P37,autocatalysis,Standardize,direct,0,same_quote
P37,autocatalysis,Train,contextual,2,within_2
P37,autocatalysis,Act,contextual,1,within_2
P37,autocatalysis,Inquire,contextual,1,within_2
P37,autocatalysis,Act,contextual,1,within_2
P37,autocatalysis,Act,direct,0,same_quote
P37,autocatalysis,Act,contextual,2,within_2
P37,autocatalysis,Inquire,contextual,2,within_2
P37,autocatalysis,Act,contextual,1,within_2
P37,autocatalysis,Standardize,contextual,1,within_2
P37,autocatalysis,Act,contextual,2,within_2
P37,autocatalysis,Standardize,contextual,2,within_2
P37,autocatalysis,Act,contextual,1,within_2
P38,high_customer_expectations,Act,contextual,2,within_2
P38,high_customer_expectations,Act,contextual,1,within_2
P38,high_customer_expectations,Act,direct,0,same_quote
P38,high_customer_expectations,Act,contextual,1,within_2
P38,high_customer_expectations,Act,contextual,2,within_2
P38,high_customer_expectations,Inquire,contextual,2,within_2
P38,high_customer_expectations,Inquire,contextual,1,within_2
P38,high_customer_expectations,Inquire,contextual,2,within_2
P38,high_customer_expectations,Inquire,direct,0,same_quote
P38,high_customer_expectations,Inquire,contextual,1,within_2
P38,high_customer_expectations,Inquire,contextual,2,within_2
P38,high_customer_expectations,Train,contextual,2,within_2
P38,high_customer_expectations,Inquire,direct,0,same_quote
P38,high_customer_expectations,Inquire,contextual,1,within_2
P38,high_customer_expectations,Inquire,contextual,1,within_2
P38,high_customer_expectations,Train,contextual,1,within_2
P38,high_customer_expectations,Act,contextual,2,within_2
P38,high_customer_expectations,Inquire,direct,0,same_quote
P38,high_customer_expectations,Train,direct,0,same_quote
P38,high_customer_expectations,Inquire,contextual,2,within_2
P38,high_customer_expectations,Inquire,contextual,1,within_2
P38,high_customer_expectations,Act,contextual,1,within_2
P38,high_customer_expectations,Inquire,contextual,2,within_2
P38,autocatalysis,Act,direct,0,same_quote
P38,autocatalysis,Inquire,contextual,2,within_2
P38,autocatalysis,Inquire,contextual,1,within_2
P38,autocatalysis,Train,contextual,1,within_2
P38,autocatalysis,Inquire,contextual,1,within_2
P38,autocatalysis,Act,contextual,2,within_2
P38,autocatalysis,Inquire,direct,0,same_quote
P38,autocatalysis,Inquire,contextual,2,within_2
P38,autocatalysis,Train,contextual,2,within_2
P38,autocatalysis,Act,contextual,1,within_2
P38,autocatalysis,Act,contextual,1,within_2
P38,autocatalysis,Act,contextual,2,within_2
P38,autocatalysis,Act,direct,0,same_quote
P38,autocatalysis,Act,contextual,2,within_2
P38,autocatalysis,Inquire,contextual,1,within_2
P38,autocatalysis,Act,contextual,1,within_2
P38,autocatalysis,Train,contextual,2,within_2
P38,autocatalysis,Act,direct,0,same_quote
P38,autocatalysis,Inquire,contextual,2,within_2
P38,autocatalysis,Act,contextual,1,within_2
P38,autocatalysis,Train,contextual,1,within_2
P38,autocatalysis,Train,direct,0,same_quote
P38,autocatalysis,Act,contextual,2,within_2
P38,autocatalysis,Act,contextual,1,within_2
P38,autocatalysis,Standardize,contextual,2,within_2
P38,autocatalysis,Act,contextual,2,within_2
P38,autocatalysis,Train,contextual,1,within_2
P38,autocatalysis,Standardize,contextual,1,within_2
P38,autocatalysis,Standardize,direct,0,same_quote
P38,autocatalysis,Train,contextual,2,within_2
P38,autocatalysis,Standardize,contextual,2,within_2
P38,autocatalysis,Standardize,contextual,1,within_2
P38,autocatalysis,Standardize,contextual,1,within_2
P38,autocatalysis,Act,contextual,2,within_2
P38,autocatalysis,Standardize,direct,0,same_quote
P38,autocatalysis,Standardize,contextual,2,within_2
P38,autocatalysis,Act,contextual,1,within_2
P38,process_disruption,Act,direct,0,same_quote
P38,process_disruption,Standardize,contextual,1,within_2
P38,process_disruption,Standardize,contextual,2,within_2
P38,process_disruption,Act,contextual,1,within_2
P38,process_disruption,Act,contextual,2,within_2
P38,process_disruption,Act,contextual,2,within_2
P38,process_disruption,Act,contextual,1,within_2
P38,process_disruption,Act,direct,0,same_quote
P38,process_disruption,Act,contextual,1,within_2
P38,process_disruption,Act,contextual,2,within_2
P38,process_disruption,Train,contextual,2,within_2
P38,process_disruption,Standardize,contextual,2,within_2
P38,process_disruption,Act,contextual,2,within_2
P38,process_disruption,Act,contextual,1,within_2
P38,process_disruption,Train,contextual,1,within_2
P38,process_disruption,Standardize,contextual,1,within_2
P38,process_disruption,Act,direct,0,same_quote
P38,process_disruption,Train,direct,0,same_quote
P38,process_disruption,Standardize,direct,0,same_quote
P38,process_disruption,Train,contextual,2,within_2
P38,stochastic_uncertainty,Act,contextual,1,within_2
P38,stochastic_uncertainty,Train,contextual,1,within_2
P38,stochastic_uncertainty,Standardize,contextual,1,within_2
P38,stochastic_uncertainty,Train,contextual,1,within_2
P38,stochastic_uncertainty,Inquire,contextual,2,within_2
P38,stochastic_uncertainty,Train,direct,0,same_quote
P38,stochastic_uncertainty,Act,contextual,2,within_2
P38,stochastic_uncertainty,Train,contextual,2,within_2
P38,stochastic_uncertainty,Standardize,contextual,2,within_2
P38,stochastic_uncertainty,Inquire,contextual,1,within_2
P38,stochastic_uncertainty,Inquire,direct,0,same_quote
P38,stochastic_uncertainty,Train,contextual,1,within_2
P38,stochastic_uncertainty,Train,contextual,2,within_2
P38,stochastic_uncertainty,Inquire,contextual,1,within_2
P38,stochastic_uncertainty,Train,contextual,2,within_2
P38,stochastic_uncertainty,Inquire,contextual,2,within_2
P38,stochastic_uncertainty,Train,contextual,1,within_2
P38,stochastic_uncertainty,Train,direct,0,same_quote
P39,stochastic_uncertainty,Standardize,direct,0,same_quote
P39,stochastic_uncertainty,Act,contextual,1,within_2
P39,stochastic_uncertainty,Act,contextual,2,within_2
P39,stochastic_uncertainty,Act,direct,0,same_quote
P39,stochastic_uncertainty,Standardize,contextual,1,within_2
P39,stochastic_uncertainty,Act,contextual,1,within_2
P39,stochastic_uncertainty,Act,contextual,2,within_2
P39,stochastic_uncertainty,Inquire,contextual,2,within_2
P39,stochastic_uncertainty,Act,direct,0,same_quote
P39,stochastic_uncertainty,Standardize,contextual,2,within_2
P39,stochastic_uncertainty,Act,contextual,1,within_2
P39,stochastic_uncertainty,Act,contextual,1,within_2
P39,stochastic_uncertainty,Inquire,contextual,1,within_2
P39,stochastic_uncertainty,Act,direct,0,same_quote
P39,stochastic_uncertainty,Inquire,direct,0,same_quote
P39,stochastic_uncertainty,Act,contextual,2,within_2
P39,stochastic_uncertainty,Act,contextual,1,within_2
P39,stochastic_uncertainty,Act,contextual,2,within_2
P39,stochastic_uncertainty,Standardize,contextual,2,within_2
P39,stochastic_uncertainty,Act,contextual,2,within_2
P39,stochastic_uncertainty,Act,contextual,1,within_2
P39,stochastic_uncertainty,Inquire,contextual,1,within_2
P39,stochastic_uncertainty,Act,contextual,1,within_2
P39,stochastic_uncertainty,Standardize,contextual,1,within_2
P39,high_customer_expectations,Act,direct,0,same_quote
P39,high_customer_expectations,Standardize,direct,0,same_quote
P39,high_customer_expectations,Act,contextual,2,within_2
P39,high_customer_expectations,Inquire,contextual,2,within_2
P39,high_customer_expectations,Act,contextual,2,within_2
P39,high_customer_expectations,Act,contextual,1,within_2
P39,high_customer_expectations,Standardize,contextual,1,within_2
P39,high_customer_expectations,Act,contextual,1,within_2
P39,high_customer_expectations,Act,contextual,2,within_2
P39,high_customer_expectations,Act,direct,0,same_quote
P39,high_customer_expectations,Act,contextual,2,within_2
P39,high_customer_expectations,Standardize,contextual,2,within_2
P39,high_customer_expectations,Act,contextual,1,within_2
P39,high_customer_expectations,Act,contextual,2,within_2
P39,high_customer_expectations,Act,direct,0,same_quote
P39,high_customer_expectations,Act,contextual,1,within_2
P39,high_customer_expectations,Act,contextual,1,within_2
P39,high_customer_expectations,Act,contextual,2,within_2
P39,high_customer_expectations,Act,direct,0,same_quote
P39,high_customer_expectations,Act,contextual,2,within_2
P39,high_customer_expectations,Act,contextual,1,within_2
P39,high_customer_expectations,Act,contextual,1,within_2
P39,high_customer_expectations,Act,direct,0,same_quote
P39,high_customer_expectations,Act,contextual,2,within_2
P39,high_customer_expectations,Act,contextual,1,within_2
P39,process_disruption,Act,contextual,2,within_2
P39,process_disruption,Act,contextual,1,within_2
P39,process_disruption,Act,contextual,2,within_2
P39,process_disruption,Act,contextual,2,within_2
P39,process_disruption,Act,contextual,1,within_2
P39,process_disruption,Act,contextual,2,within_2
P39,process_disruption,Act,direct,0,same_quote
P39,process_disruption,Act,contextual,1,within_2
P39,process_disruption,Act,contextual,2,within_2
P39,process_disruption,Inquire,contextual,2,within_2
P39,process_disruption,Act,direct,0,same_quote
P39,process_disruption,Act,contextual,1,within_2
P39,process_disruption,Act,contextual,1,within_2
P39,process_disruption,Inquire,contextual,1,within_2
P39,process_disruption,Act,direct,0,same_quote
P39,process_disruption,Inquire,direct,0,same_quote
P39,process_disruption,Act,contextual,2,within_2
P39,process_disruption,Act,contextual,1,within_2
P39,process_disruption,Act,contextual,2,within_2
P39,process_disruption,Act,contextual,2,within_2
P39,process_disruption,Act,contextual,1,within_2
P39,process_disruption,Inquire,contextual,1,within_2
P39,process_disruption,Act,contextual,1,within_2
P39,process_disruption,Act,contextual,2,within_2
P39,process_disruption,Train,contextual,2,within_2
P39,process_disruption,Act,direct,0,same_quote
P39,process_disruption,Act,contextual,2,within_2
P39,process_disruption,Inquire,contextual,2,within_2
P39,process_disruption,Act,contextual,1,within_2
P39,process_disruption,Train,contextual,1,within_2
P39,process_disruption,Inquire,contextual,2,within_2
P39,process_disruption,Act,direct,0,same_quote
P39,process_disruption,Train,direct,0,same_quote
P39,process_disruption,Act,contextual,1,within_2
P39,process_disruption,Inquire,contextual,1,within_2
P39,process_disruption,Act,contextual,2,within_2
P39,autocatalysis,Inquire,direct,0,same_quote
P39,autocatalysis,Act,contextual,2,within_2
P39,autocatalysis,Act,contextual,1,within_2
P39,autocatalysis,Train,contextual,1,within_2
P39,autocatalysis,Act,contextual,1,within_2
P39,autocatalysis,Act,direct,0,same_quote
P39,autocatalysis,Act,contextual,2,within_2
P39,autocatalysis,Train,contextual,2,within_2
P39,autocatalysis,Inquire,contextual,1,within_2
P39,autocatalysis,Act,contextual,2,within_2
P39,autocatalysis,Inquire,contextual,2,within_2
P39,autocatalysis,Act,contextual,1,within_2
P39,autocatalysis,Act,contextual,1,within_2
P39,autocatalysis,Act,contextual,2,within_2
P39,autocatalysis,Act,direct,0,same_quote
P39,autocatalysis,Act,contextual,2,within_2
P39,autocatalysis,Act,contextual,1,within_2
P39,autocatalysis,Train,contextual,2,within_2
P39,autocatalysis,Act,direct,0,same_quote
P39,autocatalysis,Act,contextual,1,within_2
P39,autocatalysis,Train,contextual,1,within_2
P39,autocatalysis,Train,contextual,2,within_2
P39,autocatalysis,Train,direct,0,same_quote
P39,autocatalysis,Act,contextual,2,within_2
P39,autocatalysis,Act,contextual,1,within_2
P39,autocatalysis,Train,contextual,1,within_2
P39,autocatalysis,Act,contextual,2,within_2
P39,autocatalysis,Train,direct,0,same_quote
P39,autocatalysis,Act,contextual,2,within_2
P39,autocatalysis,Train,contextual,1,within_2
P39,autocatalysis,Act,contextual,1,within_2
P39,autocatalysis,Act,contextual,2,within_2
P39,autocatalysis,Standardize,contextual,2,within_2
P39,autocatalysis,Act,direct,0,same_quote
P39,autocatalysis,Train,contextual,2,within_2
P39,autocatalysis,Train,contextual,1,within_2
P39,autocatalysis,Act,contextual,1,within_2
P39,autocatalysis,Standardize,contextual,1,within_2
P39,autocatalysis,Act,contextual,2,within_2
P39,autocatalysis,Inquire,contextual,2,within_2
P39,autocatalysis,Act,direct,0,same_quote
P39,autocatalysis,Standardize,direct,0,same_quote
P39,autocatalysis,Train,contextual,2,within_2
P39,autocatalysis,Act,contextual,1,within_2
P39,autocatalysis,Act,contextual,1,within_2
P39,autocatalysis,Inquire,contextual,1,within_2
P39,autocatalysis,Act,direct,0,same_quote
P39,autocatalysis,Inquire,direct,0,same_quote
P39,autocatalysis,Act,contextual,2,within_2
P39,autocatalysis,Act,contextual,1,within_2
P39,autocatalysis,Standardize,contextual,1,within_2
P4,high_customer_expectations,Inquire,direct,0,same_quote
P4,high_customer_expectations,Inquire,contextual,1,within_2
P4,high_customer_expectations,Standardize,contextual,2,within_2
P4,high_customer_expectations,Inquire,direct,0,same_quote
P4,high_customer_expectations,Inquire,contextual,1,within_2
P4,high_customer_expectations,Standardize,contextual,1,within_2
P4,high_customer_expectations,Act,contextual,2,within_2
P4,high_customer_expectations,Standardize,direct,0,same_quote
P4,high_customer_expectations,Inquire,contextual,2,within_2
P4,high_customer_expectations,Inquire,contextual,1,within_2
P4,high_customer_expectations,Act,contextual,1,within_2
P4,high_customer_expectations,Act,contextual,2,within_2
P4,high_customer_expectations,Standardize,contextual,2,within_2
P4,high_customer_expectations,Act,direct,0,same_quote
P4,high_customer_expectations,Inquire,contextual,2,within_2
P4,high_customer_expectations,Standardize,contextual,1,within_2
P4,high_customer_expectations,Act,contextual,1,within_2
P4,high_customer_expectations,Standardize,contextual,1,within_2
P4,high_customer_expectations,Inquire,contextual,2,within_2
P4,high_customer_expectations,Act,direct,0,same_quote
P4,high_customer_expectations,Standardize,direct,0,same_quote
P4,high_customer_expectations,Standardize,contextual,2,within_2
P4,high_customer_expectations,Act,contextual,1,within_2
P4,high_customer_expectations,Inquire,contextual,1,within_2
P4,high_customer_expectations,Act,contextual,2,within_2
P4,autocatalysis,Inquire,direct,0,same_quote
P4,autocatalysis,Act,contextual,2,within_2
P4,autocatalysis,Act,contextual,1,within_2
P4,autocatalysis,Standardize,contextual,1,within_2
P4,autocatalysis,Act,contextual,1,within_2
P4,autocatalysis,Act,contextual,2,within_2
P4,autocatalysis,Act,direct,0,same_quote
P4,autocatalysis,Act,contextual,2,within_2
P4,autocatalysis,Standardize,contextual,2,within_2
P4,autocatalysis,Inquire,contextual,1,within_2
P4,autocatalysis,Act,contextual,1,within_2
P4,autocatalysis,Inquire,contextual,2,within_2
P4,autocatalysis,Act,direct,0,same_quote
P4,autocatalysis,Inquire,contextual,2,within_2
P4,autocatalysis,Act,contextual,1,within_2
P4,autocatalysis,Inquire,contextual,1,within_2
P4,autocatalysis,Inquire,contextual,2,within_2
P4,autocatalysis,Inquire,direct,0,same_quote
P4,autocatalysis,Act,contextual,2,within_2
P4,autocatalysis,Act,contextual,1,within_2
P4,autocatalysis,Inquire,contextual,1,within_2
P4,autocatalysis,Act,contextual,2,within_2
P4,autocatalysis,Inquire,direct,0,same_quote
P4,autocatalysis,Act,contextual,2,within_2
P4,autocatalysis,Inquire,contextual,1,within_2
P4,autocatalysis,Act,contextual,1,within_2
P4,autocatalysis,Act,contextual,2,within_2
P4,autocatalysis,Standardize,contextual,2,within_2
P4,autocatalysis,Act,direct,0,same_quote
P4,autocatalysis,Inquire,contextual,2,within_2
P4,autocatalysis,Inquire,contextual,1,within_2
P4,autocatalysis,Act,contextual,1,within_2
P4,autocatalysis,Standardize,contextual,1,within_2
P4,autocatalysis,Act,contextual,2,within_2
P4,autocatalysis,Standardize,contextual,2,within_2
P4,autocatalysis,Act,direct,0,same_quote
P4,autocatalysis,Standardize,direct,0,same_quote
P4,autocatalysis,Inquire,contextual,2,within_2
P4,autocatalysis,Act,contextual,1,within_2
P4,autocatalysis,Act,contextual,1,within_2
P4,autocatalysis,Standardize,contextual,1,within_2
P4,autocatalysis,Inquire,contextual,2,within_2
P4,autocatalysis,Act,direct,0,same_quote
P4,autocatalysis,Standardize,direct,0,same_quote
P4,autocatalysis,Act,contextual,2,within_2
P4,autocatalysis,Act,contextual,1,within_2
P4,autocatalysis,Standardize,contextual,1,within_2
P4,autocatalysis,Inquire,contextual,1,within_2
P4,autocatalysis,Inquire,contextual,2,within_2
P4,autocatalysis,Inquire,direct,0,same_quote
P4,autocatalysis,Act,contextual,2,within_2
P4,autocatalysis,Standardize,contextual,2,within_2
P4,autocatalysis,Act,contextual,1,within_2
P4,autocatalysis,Standardize,contextual,1,within_2
P4,autocatalysis,Inquire,contextual,1,within_2
P4,autocatalysis,Standardize,contextual,2,within_2
P4,autocatalysis,Inquire,direct,0,same_quote
P4,autocatalysis,Act,contextual,2,within_2
P4,autocatalysis,Standardize,contextual,2,within_2
P4,autocatalysis,Inquire,contextual,1,within_2
P4,autocatalysis,Standardize,contextual,1,within_2
P4,autocatalysis,Inquire,contextual,2,within_2
P4,autocatalysis,Standardize,direct,0,same_quote
P4,autocatalysis,Inquire,contextual,2,within_2
P4,autocatalysis,Inquire,contextual,1,within_2
P4,autocatalysis,Inquire,contextual,1,within_2
P4,autocatalysis,Act,contextual,2,within_2
P4,process_disruption,Inquire,direct,0,same_quote
P4,process_disruption,Inquire,contextual,2,within_2
P4,process_disruption,Standardize,contextual,1,within_2
P4,process_disruption,Act,contextual,1,within_2
P4,process_disruption,Inquire,contextual,2,within_2
P4,process_disruption,Act,direct,0,same_quote
P4,process_disruption,Standardize,contextual,2,within_2
P4,process_disruption,Inquire,contextual,1,within_2
P4,process_disruption,Inquire,contextual,1,within_2
P4,process_disruption,Act,contextual,2,within_2
P4,process_disruption,Inquire,direct,0,same_quote
P4,process_disruption,Inquire,contextual,2,within_2
P4,process_disruption,Act,contextual,1,within_2
P4,process_disruption,Act,contextual,1,within_2
P4,process_disruption,Train,contextual,2,within_2
P4,process_disruption,Act,direct,0,same_quote
P4,process_disruption,Act,contextual,2,within_2
P4,process_disruption,Inquire,contextual,1,within_2
P4,process_disruption,Train,contextual,1,within_2
P4,process_disruption,Standardize,contextual,2,within_2
P4,process_disruption,Train,direct,0,same_quote
P4,process_disruption,Inquire,contextual,2,within_2
P4,process_disruption,Act,contextual,1,within_2
P4,process_disruption,Standardize,contextual,1,within_2
P4,process_disruption,Act,contextual,2,within_2
P4,process_disruption,Standardize,contextual,2,within_2
P4,process_disruption,Standardize,direct,0,same_quote
P4,process_disruption,Act,contextual,2,within_2
P4,process_disruption,Train,contextual,1,within_2
P4,process_disruption,Act,contextual,1,within_2
P4,process_disruption,Standardize,contextual,1,within_2
P4,process_disruption,Inquire,contextual,2,within_2
P4,process_disruption,Act,direct,0,same_quote
P4,process_disruption,Standardize,direct,0,same_quote
P4,process_disruption,Train,contextual,2,within_2
P4,process_disruption,Standardize,contextual,1,within_2
P4,process_disruption,Inquire,contextual,1,within_2
P4,process_disruption,Act,contextual,2,within_2
P4,stochastic_uncertainty,Inquire,direct,0,same_quote
P4,stochastic_uncertainty,Standardize,contextual,2,within_2
P4,stochastic_uncertainty,Act,contextual,1,within_2
P4,stochastic_uncertainty,Standardize,contextual,1,within_2
P4,stochastic_uncertainty,Act,contextual,1,within_2
P4,stochastic_uncertainty,Act,contextual,2,within_2
P4,stochastic_uncertainty,Standardize,contextual,2,within_2
P4,stochastic_uncertainty,Act,direct,0,same_quote
P4,stochastic_uncertainty,Act,contextual,2,within_2
P4,stochastic_uncertainty,Standardize,contextual,2,within_2
P4,stochastic_uncertainty,Inquire,contextual,1,within_2
P4,stochastic_uncertainty,Act,contextual,1,within_2
P4,stochastic_uncertainty,Standardize,contextual,1,within_2
P4,stochastic_uncertainty,Act,contextual,2,within_2
P4,stochastic_uncertainty,Inquire,contextual,2,within_2
P4,stochastic_uncertainty,Act,direct,0,same_quote
P4,stochastic_uncertainty,Standardize,direct,0,same_quote
P4,stochastic_uncertainty,Inquire,contextual,2,within_2
P4,stochastic_uncertainty,Act,contextual,1,within_2
P4,stochastic_uncertainty,Act,contextual,1,within_2
P4,stochastic_uncertainty,Inquire,contextual,1,within_2
P4,stochastic_uncertainty,Standardize,contextual,2,within_2
P4,stochastic_uncertainty,Act,direct,0,same_quote
P4,stochastic_uncertainty,Inquire,direct,0,same_quote
P4,stochastic_uncertainty,Act,contextual,2,within_2
P4,stochastic_uncertainty,Act,contextual,1,within_2
P4,stochastic_uncertainty,Standardize,contextual,1,within_2
P4,stochastic_uncertainty,Standardize,contextual,1,within_2
P4,stochastic_uncertainty,Standardize,contextual,2,within_2
P4,stochastic_uncertainty,Standardize,direct,0,same_quote
P4,stochastic_uncertainty,Act,contextual,2,within_2
P4,stochastic_uncertainty,Standardize,contextual,2,within_2
P4,stochastic_uncertainty,Act,contextual,1,within_2
P4,stochastic_uncertainty,Inquire,contextual,1,within_2
P4,stochastic_uncertainty,Standardize,contextual,1,within_2
P4,stochastic_uncertainty,Standardize,contextual,2,within_2
P4,stochastic_uncertainty,Standardize,direct,0,same_quote
P4,stochastic_uncertainty,Act,contextual,2,within_2
P4,stochastic_uncertainty,Inquire,contextual,2,within_2
P4,stochastic_uncertainty,Standardize,contextual,1,within_2
P4,stochastic_uncertainty,Standardize,contextual,1,within_2
P4,stochastic_uncertainty,Standardize,direct,0,same_quote
P4,stochastic_uncertainty,Standardize,contextual,2,within_2
P4,stochastic_uncertainty,Standardize,contextual,1,within_2
P40,stochastic_uncertainty,Act,direct,0,same_quote
P40,stochastic_uncertainty,Act,contextual,2,within_2
P40,stochastic_uncertainty,Standardize,contextual,2,within_2
P40,stochastic_uncertainty,Act,contextual,1,within_2
P40,stochastic_uncertainty,Act,contextual,1,within_2
P40,stochastic_uncertainty,Standardize,contextual,1,within_2
P40,stochastic_uncertainty,Act,contextual,2,within_2
P40,stochastic_uncertainty,Act,direct,0,same_quote
P40,stochastic_uncertainty,Standardize,direct,0,same_quote
P40,stochastic_uncertainty,Act,contextual,2,within_2
P40,stochastic_uncertainty,Act,contextual,1,within_2
P40,stochastic_uncertainty,Act,direct,0,same_quote
P40,stochastic_uncertainty,Act,contextual,1,within_2
P40,stochastic_uncertainty,Standardize,contextual,1,within_2
P40,stochastic_uncertainty,Act,contextual,2,within_2
P40,stochastic_uncertainty,Standardize,contextual,2,within_2
P40,stochastic_uncertainty,Act,contextual,1,within_2
P40,high_customer_expectations,Act,contextual,2,within_2
P40,high_customer_expectations,Act,contextual,2,within_2
P40,high_customer_expectations,Act,contextual,1,within_2
P40,high_customer_expectations,Act,contextual,2,within_2
P40,high_customer_expectations,Act,direct,0,same_quote
P40,high_customer_expectations,Act,contextual,1,within_2
P40,high_customer_expectations,Act,contextual,2,within_2
P40,high_customer_expectations,Act,direct,0,same_quote
P40,high_customer_expectations,Act,contextual,1,within_2
P40,high_customer_expectations,Act,contextual,1,within_2
P40,high_customer_expectations,Act,direct,0,same_quote
P40,high_customer_expectations,Act,contextual,2,within_2
P40,high_customer_expectations,Act,contextual,1,within_2
P40,high_customer_expectations,Inquire,contextual,2,within_2
P40,high_customer_expectations,Act,contextual,2,within_2
P40,high_customer_expectations,Act,contextual,1,within_2
P40,high_customer_expectations,Inquire,contextual,1,within_2
P40,high_customer_expectations,Act,contextual,2,within_2
P40,high_customer_expectations,Standardize,contextual,2,within_2
P40,autocatalysis,Inquire,direct,0,same_quote
P40,autocatalysis,Act,contextual,2,within_2
P40,autocatalysis,Act,contextual,1,within_2
P40,autocatalysis,Standardize,contextual,1,within_2
P40,autocatalysis,Act,contextual,2,within_2
P40,autocatalysis,Act,direct,0,same_quote
P40,autocatalysis,Standardize,direct,0,same_quote
P40,autocatalysis,Inquire,contextual,1,within_2
P40,autocatalysis,Act,contextual,1,within_2
P40,autocatalysis,Standardize,contextual,2,within_2
P40,autocatalysis,Act,direct,0,same_quote
P40,autocatalysis,Inquire,contextual,2,within_2
P40,autocatalysis,Act,contextual,1,within_2
P40,autocatalysis,Standardize,contextual,1,within_2
P40,autocatalysis,Standardize,contextual,1,within_2
P40,autocatalysis,Act,contextual,2,within_2
P40,autocatalysis,Standardize,direct,0,same_quote
P40,autocatalysis,Act,contextual,2,within_2
P40,autocatalysis,Standardize,contextual,2,within_2
P40,autocatalysis,Act,contextual,1,within_2
P40,autocatalysis,Act,contextual,1,within_2
P40,autocatalysis,Inquire,contextual,2,within_2
P40,autocatalysis,Act,direct,0,same_quote
P40,autocatalysis,Act,contextual,2,within_2
P40,autocatalysis,Standardize,contextual,1,within_2
P40,autocatalysis,Inquire,contextual,1,within_2
P40,autocatalysis,Train,contextual,2,within_2
P40,autocatalysis,Inquire,direct,0,same_quote
P40,autocatalysis,Standardize,contextual,2,within_2
P40,autocatalysis,Act,contextual,1,within_2
P40,autocatalysis,Train,contextual,1,within_2
P40,process_disruption,Train,direct,0,same_quote
P40,process_disruption,Act,contextual,2,within_2
P40,process_disruption,Inquire,contextual,1,within_2
P40,process_disruption,Act,contextual,2,within_2
P40,process_disruption,Standardize,contextual,2,within_2
P40,process_disruption,Inquire,contextual,2,within_2
P40,process_disruption,Train,contextual,1,within_2
P40,process_disruption,Act,contextual,1,within_2
P40,process_disruption,Standardize,contextual,1,within_2
P40,process_disruption,Act,contextual,2,within_2
P40,process_disruption,Standardize,contextual,2,within_2
P40,process_disruption,Act,direct,0,same_quote
P40,process_disruption,Standardize,direct,0,same_quote
P40,process_disruption,Train,contextual,2,within_2
P40,process_disruption,Act,contextual,1,within_2
P40,process_disruption,Standardize,contextual,1,within_2
P40,process_disruption,Act,contextual,2,within_2
P40,process_disruption,Act,direct,0,same_quote
P40,process_disruption,Standardize,direct,0,same_quote
P40,process_disruption,Act,contextual,1,within_2
P40,process_disruption,Standardize,contextual,1,within_2
P40,process_disruption,Act,contextual,1,within_2
P40,process_disruption,Standardize,contextual,2,within_2
P40,process_disruption,Act,direct,0,same_quote
P40,process_disruption,Act,contextual,2,within_2
P40,process_disruption,Standardize,contextual,2,within_2
P40,process_disruption,Act,contextual,1,within_2
P40,process_disruption,Standardize,contextual,1,within_2
P40,process_disruption,Standardize,contextual,1,within_2
P40,process_disruption,Inquire,contextual,2,within_2
P40,process_disruption,Standardize,direct,0,same_quote
P40,process_disruption,Act,contextual,2,within_2
P40,process_disruption,Standardize,contextual,2,within_2
P40,process_disruption,Act,contextual,1,within_2
P40,process_disruption,Inquire,contextual,1,within_2
P40,process_disruption,Inquire,direct,0,same_quote
P40,process_disruption,Act,contextual,2,within_2
P40,process_disruption,Standardize,contextual,1,within_2
P41,process_disruption,Act,direct,0,same_quote
P41,process_disruption,Inquire,contextual,2,within_2
P41,process_disruption,Act,contextual,1,within_2
P41,process_disruption,Inquire,contextual,1,within_2
P41,process_disruption,Train,contextual,2,within_2
P41,process_disruption,Inquire,direct,0,same_quote
P41,process_disruption,Act,contextual,2,within_2
P41,process_disruption,Train,contextual,1,within_2
P41,process_disruption,Act,contextual,2,within_2
P41,process_disruption,Train,direct,0,same_quote
P41,process_disruption,Inquire,contextual,1,within_2
P41,process_disruption,Act,contextual,1,within_2
P41,process_disruption,Train,contextual,2,within_2
P41,process_disruption,Act,direct,0,same_quote
P41,process_disruption,Inquire,contextual,2,within_2
P41,process_disruption,Train,contextual,1,within_2
P41,process_disruption,Train,contextual,1,within_2
P41,process_disruption,Train,direct,0,same_quote
P41,process_disruption,Train,contextual,2,within_2
P41,process_disruption,Act,contextual,1,within_2
P41,process_disruption,Act,contextual,2,within_2
P41,process_disruption,Train,contextual,1,within_2
P41,process_disruption,Train,contextual,2,within_2
P41,process_disruption,Train,contextual,2,within_2
P41,process_disruption,Train,contextual,1,within_2
P41,stochastic_uncertainty,Train,direct,0,same_quote
P41,stochastic_uncertainty,Train,contextual,1,within_2
P41,stochastic_uncertainty,Act,contextual,2,within_2
P41,stochastic_uncertainty,Train,contextual,2,within_2
P41,stochastic_uncertainty,Act,contextual,1,within_2
P41,stochastic_uncertainty,Inquire,contextual,2,within_2
P41,stochastic_uncertainty,Act,direct,0,same_quote
P41,stochastic_uncertainty,Inquire,contextual,1,within_2
P41,stochastic_uncertainty,Standardize,contextual,2,within_2
P41,stochastic_uncertainty,Inquire,direct,0,same_quote
P41,stochastic_uncertainty,Act,contextual,1,within_2
P41,stochastic_uncertainty,Standardize,contextual,1,within_2
P41,stochastic_uncertainty,Act,contextual,2,within_2
P41,stochastic_uncertainty,Standardize,direct,0,same_quote
P41,stochastic_uncertainty,Act,contextual,2,within_2
P41,stochastic_uncertainty,Inquire,contextual,1,within_2
P41,stochastic_uncertainty,Act,contextual,1,within_2
P41,stochastic_uncertainty,Train,contextual,2,within_2
P41,autocatalysis,Act,direct,0,same_quote
P41,autocatalysis,Inquire,contextual,2,within_2
P41,autocatalysis,Standardize,contextual,1,within_2
P41,autocatalysis,Train,contextual,1,within_2
P41,autocatalysis,Train,direct,0,same_quote
P41,autocatalysis,Standardize,contextual,2,within_2
P41,autocatalysis,Act,contextual,1,within_2
P41,autocatalysis,Inquire,contextual,2,within_2
P41,autocatalysis,Act,contextual,2,within_2
P41,autocatalysis,Train,contextual,1,within_2
P41,autocatalysis,Inquire,contextual,1,within_2
P41,autocatalysis,Inquire,contextual,2,within_2
P41,autocatalysis,Inquire,direct,0,same_quote
P41,autocatalysis,Train,contextual,2,within_2
P41,autocatalysis,Inquire,contextual,1,within_2
P41,autocatalysis,Train,contextual,2,within_2
P41,autocatalysis,Inquire,direct,0,same_quote
P41,autocatalysis,Inquire,contextual,1,within_2
P41,autocatalysis,Train,contextual,1,within_2
P41,autocatalysis,Act,contextual,2,within_2
P41,autocatalysis,Train,direct,0,same_quote
P41,autocatalysis,Inquire,contextual,2,within_2
P41,autocatalysis,Inquire,contextual,1,within_2
P41,autocatalysis,Act,contextual,1,within_2
P41,autocatalysis,Inquire,contextual,2,within_2
P41,autocatalysis,Act,direct,0,same_quote
P41,autocatalysis,Inquire,contextual,2,within_2
P41,autocatalysis,Train,contextual,1,within_2
P41,autocatalysis,Inquire,contextual,1,within_2
P41,autocatalysis,Act,contextual,2,within_2
P41,autocatalysis,Inquire,direct,0,same_quote
P41,autocatalysis,Train,contextual,2,within_2
P41,autocatalysis,Act,contextual,1,within_2
P41,autocatalysis,Act,contextual,1,within_2
P41,autocatalysis,Train,contextual,2,within_2
P41,high_customer_expectations,Act,direct,0,same_quote
P41,high_customer_expectations,Act,contextual,2,within_2
P41,high_customer_expectations,Inquire,contextual,1,within_2
P41,high_customer_expectations,Train,contextual,1,within_2
P41,high_customer_expectations,Train,direct,0,same_quote
P41,high_customer_expectations,Inquire,contextual,2,within_2
P41,high_customer_expectations,Act,contextual,1,within_2
P41,high_customer_expectations,Act,contextual,2,within_2
P41,high_customer_expectations,Train,contextual,1,within_2
P41,high_customer_expectations,Act,contextual,2,within_2
P41,high_customer_expectations,Train,contextual,2,within_2
P41,high_customer_expectations,Act,contextual,1,within_2
P41,high_customer_expectations,Train,contextual,2,within_2
P41,high_customer_expectations,Act,direct,0,same_quote
P41,high_customer_expectations,Train,contextual,1,within_2
P41,high_customer_expectations,Act,contextual,2,within_2
P41,high_customer_expectations,Train,direct,0,same_quote
P41,high_customer_expectations,Act,contextual,1,within_2
P41,high_customer_expectations,Act,contextual,1,within_2
P41,high_customer_expectations,Train,contextual,2,within_2
P41,high_customer_expectations,Act,direct,0,same_quote
P41,high_customer_expectations,Act,contextual,2,within_2
P41,high_customer_expectations,Train,contextual,1,within_2
P41,high_customer_expectations,Train,contextual,1,within_2
P41,high_customer_expectations,Train,direct,0,same_quote
P41,high_customer_expectations,Train,contextual,2,within_2
P41,high_customer_expectations,Act,contextual,1,within_2
P41,high_customer_expectations,Act,contextual,2,within_2
P41,high_customer_expectations,Train,contextual,1,within_2
P41,high_customer_expectations,Train,contextual,2,within_2
P42,autocatalysis,Act,direct,0,same_quote
P42,autocatalysis,Act,contextual,2,within_2
P42,autocatalysis,Standardize,contextual,2,within_2
P42,autocatalysis,Act,contextual,1,within_2
P42,autocatalysis,Act,contextual,1,within_2
P42,autocatalysis,Standardize,contextual,1,within_2
P42,autocatalysis,Act,contextual,2,within_2
P42,autocatalysis,Act,direct,0,same_quote
P42,autocatalysis,Standardize,direct,0,same_quote
P42,autocatalysis,Act,contextual,2,within_2
P42,autocatalysis,Act,contextual,1,within_2
P42,autocatalysis,Act,direct,0,same_quote
P42,autocatalysis,Act,contextual,1,within_2
P42,autocatalysis,Standardize,contextual,1,within_2
P42,autocatalysis,Inquire,contextual,2,within_2
P42,autocatalysis,Act,contextual,2,within_2
P42,autocatalysis,Standardize,contextual,2,within_2
P42,autocatalysis,Act,contextual,1,within_2
P42,autocatalysis,Inquire,contextual,1,within_2
P42,autocatalysis,Act,contextual,2,within_2
P42,autocatalysis,Inquire,direct,0,same_quote
P42,autocatalysis,Act,contextual,2,within_2
P42,autocatalysis,Act,contextual,1,within_2
P42,autocatalysis,Act,direct,0,same_quote
P42,autocatalysis,Inquire,contextual,1,within_2
P42,autocatalysis,Train,contextual,2,within_2
P42,autocatalysis,Inquire,contextual,2,within_2
P42,autocatalysis,Act,contextual,1,within_2
P42,autocatalysis,Train,contextual,1,within_2
P42,autocatalysis,Act,contextual,2,within_2
P42,process_disruption,Train,direct,0,same_quote
P42,process_disruption,Act,contextual,2,within_2
P42,process_disruption,Act,contextual,1,within_2
P42,process_disruption,Act,contextual,2,within_2
P42,process_disruption,Standardize,contextual,2,within_2
P42,process_disruption,Act,direct,0,same_quote
P42,process_disruption,Train,contextual,1,within_2
P42,process_disruption,Act,contextual,1,within_2
P42,process_disruption,Standardize,contextual,1,within_2
P42,process_disruption,Act,contextual,2,within_2
P42,process_disruption,Standardize,contextual,2,within_2
P42,process_disruption,Act,direct,0,same_quote
P42,process_disruption,Standardize,direct,0,same_quote
P42,process_disruption,Train,contextual,2,within_2
P42,process_disruption,Act,contextual,1,within_2
P42,process_disruption,Act,contextual,1,within_2
P42,process_disruption,Standardize,contextual,1,within_2
P42,process_disruption,Inquire,contextual,2,within_2
P42,process_disruption,Act,direct,0,same_quote
P42,process_disruption,Standardize,direct,0,same_quote
P42,process_disruption,Act,contextual,2,within_2
P42,process_disruption,Act,contextual,1,within_2
P42,process_disruption,Standardize,contextual,1,within_2
P42,process_disruption,Inquire,contextual,1,within_2
P42,process_disruption,Act,contextual,2,within_2
P42,process_disruption,Inquire,direct,0,same_quote
P42,process_disruption,Act,contextual,2,within_2
P42,process_disruption,Standardize,contextual,2,within_2
P42,process_disruption,Act,contextual,1,within_2
P42,process_disruption,Standardize,contextual,1,within_2
P42,process_disruption,Act,contextual,1,within_2
P42,process_disruption,Inquire,contextual,2,within_2
P42,process_disruption,Act,direct,0,same_quote
P42,process_disruption,Act,contextual,2,within_2
P42,process_disruption,Standardize,contextual,2,within_2
P42,process_disruption,Inquire,contextual,1,within_2
P42,process_disruption,Inquire,contextual,1,within_2
P42,process_disruption,Train,contextual,2,within_2
P42,process_disruption,Inquire,direct,0,same_quote
P42,process_disruption,Inquire,contextual,2,within_2
P42,process_disruption,Act,contextual,1,within_2
P42,process_disruption,Train,contextual,1,within_2
P42,process_disruption,Inquire,contextual,2,within_2
P42,process_disruption,Train,direct,0,same_quote
P42,process_disruption,Act,contextual,2,within_2
P42,process_disruption,Inquire,contextual,1,within_2
P42,process_disruption,Inquire,contextual,1,within_2
P42,process_disruption,Inquire,direct,0,same_quote
P42,process_disruption,Inquire,contextual,2,within_2
P42,process_disruption,Train,contextual,1,within_2
P42,high_customer_expectations,Train,contextual,2,within_2
P42,high_customer_expectations,Inquire,contextual,1,within_2
P42,high_customer_expectations,Inquire,contextual,2,within_2
P42,high_customer_expectations,Inquire,contextual,2,within_2
P42,high_customer_expectations,Inquire,contextual,1,within_2
P42,high_customer_expectations,Train,contextual,2,within_2
P42,high_customer_expectations,Inquire,direct,0,same_quote
P42,high_customer_expectations,Train,contextual,1,within_2
P42,high_customer_expectations,Act,contextual,2,within_2
P42,high_customer_expectations,Train,direct,0,same_quote
P42,high_customer_expectations,Inquire,contextual,1,within_2
P42,high_customer_expectations,Act,contextual,1,within_2
P42,high_customer_expectations,Act,direct,0,same_quote
P42,high_customer_expectations,Inquire,contextual,2,within_2
P42,high_customer_expectations,Train,contextual,1,within_2
P42,high_customer_expectations,Train,contextual,2,within_2
P42,high_customer_expectations,Act,contextual,1,within_2
P42,high_customer_expectations,Act,contextual,2,within_2
P42,high_customer_expectations,Standardize,contextual,2,within_2
P42,stochastic_uncertainty,Act,contextual,2,within_2
P42,stochastic_uncertainty,Act,contextual,1,within_2
P42,stochastic_uncertainty,Standardize,contextual,1,within_2
P42,stochastic_uncertainty,Act,contextual,2,within_2
P42,stochastic_uncertainty,Act,direct,0,same_quote
P42,stochastic_uncertainty,Standardize,direct,0,same_quote
P42,stochastic_uncertainty,Act,contextual,1,within_2
P42,stochastic_uncertainty,Act,contextual,2,within_2
P42,stochastic_uncertainty,Act,direct,0,same_quote
P42,stochastic_uncertainty,Act,contextual,1,within_2
P42,stochastic_uncertainty,Standardize,contextual,1,within_2
P42,stochastic_uncertainty,Act,contextual,1,within_2
P42,stochastic_uncertainty,Act,contextual,2,within_2
P42,stochastic_uncertainty,Act,direct,0,same_quote
P42,stochastic_uncertainty,Act,contextual,2,within_2
P42,stochastic_uncertainty,Standardize,contextual,2,within_2
P42,stochastic_uncertainty,Act,contextual,1,within_2
P42,stochastic_uncertainty,Act,contextual,1,within_2
P42,stochastic_uncertainty,Act,direct,0,same_quote
P42,stochastic_uncertainty,Act,contextual,2,within_2
P42,stochastic_uncertainty,Act,contextual,1,within_2
P42,stochastic_uncertainty,Act,contextual,2,within_2
P42,stochastic_uncertainty,Act,contextual,1,within_2
P42,stochastic_uncertainty,Act,contextual,2,within_2
P43,process_disruption,Inquire,direct,0,same_quote
P43,process_disruption,Inquire,contextual,1,within_2
P43,process_disruption,Inquire,direct,0,same_quote
P43,process_disruption,Inquire,contextual,1,within_2
P43,process_disruption,Act,contextual,2,within_2
P43,process_disruption,Inquire,contextual,2,within_2
P43,process_disruption,Inquire,contextual,1,within_2
P43,process_disruption,Act,contextual,1,within_2
P43,process_disruption,Act,direct,0,same_quote
P43,process_disruption,Inquire,contextual,2,within_2
P43,process_disruption,Act,contextual,1,within_2
P43,process_disruption,Act,contextual,2,within_2
P43,process_disruption,Act,contextual,2,within_2
P43,process_disruption,Act,contextual,1,within_2
P43,process_disruption,Act,direct,0,same_quote
P43,process_disruption,Inquire,contextual,2,within_2
P43,process_disruption,Act,contextual,1,within_2
P43,process_disruption,Inquire,contextual,1,within_2
P43,stochastic_uncertainty,Inquire,direct,0,same_quote
P43,stochastic_uncertainty,Act,contextual,2,within_2
P43,stochastic_uncertainty,Inquire,contextual,1,within_2
P43,stochastic_uncertainty,Inquire,contextual,2,within_2
P43,stochastic_uncertainty,Inquire,contextual,2,within_2
P43,stochastic_uncertainty,Inquire,contextual,1,within_2
P43,stochastic_uncertainty,Inquire,direct,0,same_quote
P43,autocatalysis,Inquire,contextual,1,within_2
P43,autocatalysis,Inquire,contextual,2,within_2
P43,autocatalysis,Train,contextual,2,within_2
P43,autocatalysis,Train,contextual,1,within_2
P43,autocatalysis,Act,contextual,2,within_2
P43,autocatalysis,Train,direct,0,same_quote
P43,autocatalysis,Act,contextual,1,within_2
P43,autocatalysis,Act,direct,0,same_quote
P43,autocatalysis,Train,contextual,1,within_2
P43,autocatalysis,Inquire,contextual,2,within_2
P43,autocatalysis,Train,contextual,2,within_2
P43,autocatalysis,Act,contextual,1,within_2
P43,autocatalysis,Inquire,contextual,1,within_2
P43,autocatalysis,Inquire,contextual,2,within_2
P43,high_customer_expectations,Inquire,direct,0,same_quote
P43,high_customer_expectations,Act,contextual,2,within_2
P43,high_customer_expectations,Inquire,contextual,1,within_2
P43,high_customer_expectations,Inquire,direct,0,same_quote
P43,high_customer_expectations,Inquire,contextual,1,within_2
P43,high_customer_expectations,Train,contextual,2,within_2
P43,high_customer_expectations,Inquire,contextual,2,within_2
P43,high_customer_expectations,Inquire,contextual,1,within_2
P43,high_customer_expectations,Train,contextual,1,within_2
P43,high_customer_expectations,Train,direct,0,same_quote
P43,high_customer_expectations,Inquire,contextual,2,within_2
P43,high_customer_expectations,Train,contextual,1,within_2
P44,high_customer_expectations,Standardize,contextual,1,within_2
P44,high_customer_expectations,Inquire,contextual,2,within_2
P44,high_customer_expectations,Standardize,direct,0,same_quote
P44,high_customer_expectations,Inquire,contextual,1,within_2
P44,high_customer_expectations,Act,contextual,2,within_2
P44,high_customer_expectations,Inquire,direct,0,same_quote
P44,high_customer_expectations,Standardize,contextual,1,within_2
P44,high_customer_expectations,Act,contextual,1,within_2
P44,high_customer_expectations,Standardize,contextual,2,within_2
P44,high_customer_expectations,Act,direct,0,same_quote
P44,high_customer_expectations,Standardize,contextual,2,within_2
P44,high_customer_expectations,Inquire,contextual,1,within_2
P44,high_customer_expectations,Standardize,contextual,1,within_2
P44,high_customer_expectations,Train,contextual,2,within_2
P44,high_customer_expectations,Standardize,direct,0,same_quote
P44,high_customer_expectations,Inquire,contextual,2,within_2
P44,high_customer_expectations,Act,contextual,1,within_2
P44,high_customer_expectations,Train,contextual,1,within_2
P44,high_customer_expectations,Act,contextual,2,within_2
P44,high_customer_expectations,Train,direct,0,same_quote
P44,high_customer_expectations,Act,contextual,2,within_2
P44,high_customer_expectations,Standardize,contextual,1,within_2
P44,high_customer_expectations,Act,contextual,1,within_2
P44,high_customer_expectations,Inquire,contextual,2,within_2
P44,process_disruption,Act,direct,0,same_quote
P44,process_disruption,Standardize,contextual,2,within_2
P44,process_disruption,Train,contextual,1,within_2
P44,process_disruption,Inquire,contextual,1,within_2
P44,process_disruption,Inquire,contextual,2,within_2
P44,process_disruption,Inquire,direct,0,same_quote
P44,process_disruption,Train,contextual,2,within_2
P44,process_disruption,Act,contextual,1,within_2
P44,process_disruption,Inquire,contextual,1,within_2
P44,process_disruption,Inquire,contextual,2,within_2
P44,process_disruption,Inquire,direct,0,same_quote
P44,process_disruption,Act,contextual,2,within_2
P44,process_disruption,Inquire,contextual,1,within_2
P44,process_disruption,Inquire,contextual,1,within_2
P44,process_disruption,Inquire,contextual,2,within_2
P44,process_disruption,Inquire,direct,0,same_quote
P44,process_disruption,Inquire,contextual,2,within_2
P44,process_disruption,Inquire,contextual,1,within_2
P44,process_disruption,Inquire,contextual,1,within_2
P44,process_disruption,Standardize,contextual,2,within_2
P44,process_disruption,Inquire,direct,0,same_quote
P44,process_disruption,Inquire,contextual,2,within_2
P44,process_disruption,Inquire,contextual,1,within_2
P44,process_disruption,Standardize,contextual,1,within_2
P44,process_disruption,Act,contextual,2,within_2
P44,process_disruption,Standardize,direct,0,same_quote
P44,process_disruption,Inquire,contextual,2,within_2
P44,process_disruption,Inquire,contextual,1,within_2
P44,process_disruption,Act,contextual,1,within_2
P44,process_disruption,Train,contextual,2,within_2
P44,process_disruption,Inquire,contextual,2,within_2
P44,process_disruption,Act,direct,0,same_quote
P44,process_disruption,Inquire,contextual,2,within_2
P44,process_disruption,Standardize,contextual,1,within_2
P44,process_disruption,Train,contextual,1,within_2
P44,process_disruption,Inquire,contextual,1,within_2
P44,process_disruption,Act,contextual,2,within_2
P44,process_disruption,Standardize,contextual,2,within_2
P44,process_disruption,Train,direct,0,same_quote
P44,process_disruption,Inquire,direct,0,same_quote
P44,process_disruption,Standardize,contextual,2,within_2
P44,process_disruption,Act,contextual,1,within_2
P44,process_disruption,Act,contextual,1,within_2
P44,process_disruption,Standardize,contextual,1,within_2
P44,process_disruption,Act,contextual,2,within_2
P44,process_disruption,Inquire,contextual,2,within_2
P44,process_disruption,Act,direct,0,same_quote
P44,process_disruption,Standardize,direct,0,same_quote
P44,process_disruption,Act,contextual,2,within_2
P44,process_disruption,Train,contextual,1,within_2
P44,process_disruption,Inquire,contextual,1,within_2
P44,process_disruption,Act,contextual,1,within_2
P44,process_disruption,Inquire,contextual,1,within_2
P44,process_disruption,Act,direct,0,same_quote
P44,process_disruption,Inquire,direct,0,same_quote
P44,process_disruption,Train,contextual,2,within_2
P44,process_disruption,Inquire,contextual,2,within_2
P44,process_disruption,Act,contextual,1,within_2
P44,process_disruption,Standardize,contextual,1,within_2
P44,process_disruption,Train,contextual,2,within_2
P44,autocatalysis,Act,contextual,2,within_2
P44,autocatalysis,Standardize,contextual,2,within_2
P44,autocatalysis,Act,contextual,1,within_2
P44,autocatalysis,Inquire,contextual,1,within_2
P44,autocatalysis,Train,contextual,1,within_2
P44,autocatalysis,Train,contextual,2,within_2
P44,autocatalysis,Train,direct,0,same_quote
P44,autocatalysis,Act,contextual,2,within_2
P44,autocatalysis,Inquire,contextual,2,within_2
P44,autocatalysis,Train,contextual,1,within_2
P44,autocatalysis,Standardize,contextual,2,within_2
P44,autocatalysis,Train,direct,0,same_quote
P44,autocatalysis,Train,contextual,1,within_2
P44,autocatalysis,Standardize,contextual,1,within_2
P44,autocatalysis,Standardize,direct,0,same_quote
P44,autocatalysis,Train,contextual,2,within_2
P44,autocatalysis,Train,contextual,1,within_2
P44,autocatalysis,Train,contextual,2,within_2
P44,autocatalysis,Standardize,contextual,1,within_2
P44,autocatalysis,Inquire,contextual,2,within_2
P44,autocatalysis,Standardize,contextual,2,within_2
P44,autocatalysis,Inquire,contextual,1,within_2
P44,stochastic_uncertainty,Inquire,direct,0,same_quote
P44,stochastic_uncertainty,Inquire,contextual,1,within_2
P44,stochastic_uncertainty,Act,contextual,2,within_2
P44,stochastic_uncertainty,Inquire,contextual,2,within_2
P44,stochastic_uncertainty,Inquire,contextual,2,within_2
P44,stochastic_uncertainty,Act,contextual,1,within_2
P44,stochastic_uncertainty,Inquire,contextual,1,within_2
P44,stochastic_uncertainty,Act,contextual,2,within_2
P44,stochastic_uncertainty,Act,direct,0,same_quote
P44,stochastic_uncertainty,Inquire,direct,0,same_quote
P44,stochastic_uncertainty,Act,contextual,1,within_2
P44,stochastic_uncertainty,Act,contextual,2,within_2
P44,stochastic_uncertainty,Act,direct,0,same_quote
P44,stochastic_uncertainty,Act,contextual,1,within_2
P44,stochastic_uncertainty,Inquire,contextual,1,within_2
P44,stochastic_uncertainty,Act,contextual,1,within_2
P44,stochastic_uncertainty,Act,contextual,2,within_2
P44,stochastic_uncertainty,Act,direct,0,same_quote
P44,stochastic_uncertainty,Act,contextual,2,within_2
P44,stochastic_uncertainty,Inquire,contextual,2,within_2
P44,stochastic_uncertainty,Act,contextual,1,within_2
P44,stochastic_uncertainty,Act,contextual,1,within_2
P44,stochastic_uncertainty,Train,contextual,2,within_2
P44,stochastic_uncertainty,Act,direct,0,same_quote
P44,stochastic_uncertainty,Act,contextual,2,within_2
P44,stochastic_uncertainty,Act,contextual,1,within_2
P44,stochastic_uncertainty,Train,contextual,1,within_2
P44,stochastic_uncertainty,Act,contextual,2,within_2
P44,stochastic_uncertainty,Train,direct,0,same_quote
P44,stochastic_uncertainty,Act,contextual,2,within_2
P44,stochastic_uncertainty,Act,contextual,1,within_2
P44,stochastic_uncertainty,Act,contextual,1,within_2
P44,stochastic_uncertainty,Act,direct,0,same_quote
P44,stochastic_uncertainty,Act,contextual,2,within_2
P44,stochastic_uncertainty,Train,contextual,1,within_2
P45,stochastic_uncertainty,Act,direct,0,same_quote
P45,stochastic_uncertainty,Standardize,direct,0,same_quote
P45,stochastic_uncertainty,Act,contextual,1,within_2
P45,stochastic_uncertainty,Inquire,contextual,1,within_2
P45,stochastic_uncertainty,Train,contextual,2,within_2
P45,stochastic_uncertainty,Standardize,contextual,2,within_2
P45,stochastic_uncertainty,Act,direct,0,same_quote
P45,stochastic_uncertainty,Inquire,direct,0,same_quote
P45,stochastic_uncertainty,Act,contextual,1,within_2
P45,stochastic_uncertainty,Standardize,contextual,1,within_2
P45,stochastic_uncertainty,Train,contextual,1,within_2
P45,stochastic_uncertainty,Standardize,contextual,1,within_2
P45,stochastic_uncertainty,Inquire,contextual,2,within_2
P45,stochastic_uncertainty,Train,direct,0,same_quote
P45,stochastic_uncertainty,Standardize,direct,0,same_quote
P45,stochastic_uncertainty,Act,contextual,2,within_2
P45,stochastic_uncertainty,Standardize,contextual,2,within_2
P45,stochastic_uncertainty,Act,contextual,1,within_2
P45,stochastic_uncertainty,Inquire,contextual,1,within_2
P45,stochastic_uncertainty,Inquire,contextual,1,within_2
P45,stochastic_uncertainty,Inquire,direct,0,same_quote
P45,stochastic_uncertainty,Act,contextual,2,within_2
P45,stochastic_uncertainty,Inquire,contextual,2,within_2
P45,stochastic_uncertainty,Train,contextual,1,within_2
P45,stochastic_uncertainty,Standardize,contextual,1,within_2
P45,stochastic_uncertainty,Train,contextual,2,within_2
P45,stochastic_uncertainty,Standardize,contextual,2,within_2
P45,stochastic_uncertainty,Inquire,contextual,1,within_2
P45,stochastic_uncertainty,Train,contextual,2,within_2
P45,stochastic_uncertainty,Inquire,contextual,2,within_2
P45,stochastic_uncertainty,Train,contextual,1,within_2
P45,stochastic_uncertainty,Train,direct,0,same_quote
P45,stochastic_uncertainty,Inquire,contextual,2,within_2
P45,stochastic_uncertainty,Train,contextual,1,within_2
P45,stochastic_uncertainty,Inquire,contextual,1,within_2
P45,stochastic_uncertainty,Standardize,contextual,2,within_2
P45,autocatalysis,Inquire,direct,0,same_quote
P45,autocatalysis,Train,contextual,2,within_2
P45,autocatalysis,Standardize,contextual,1,within_2
P45,autocatalysis,Act,contextual,2,within_2
P45,autocatalysis,Inquire,contextual,2,within_2
P45,autocatalysis,Standardize,direct,0,same_quote
P45,autocatalysis,Inquire,contextual,1,within_2
P45,autocatalysis,Act,contextual,1,within_2
P45,autocatalysis,Inquire,contextual,1,within_2
P45,autocatalysis,Act,contextual,2,within_2
P45,autocatalysis,Inquire,contextual,2,within_2
P45,autocatalysis,Train,contextual,2,within_2
P45,autocatalysis,Act,direct,0,same_quote
P45,autocatalysis,Inquire,direct,0,same_quote
P45,autocatalysis,Inquire,contextual,2,within_2
P45,autocatalysis,Standardize,contextual,1,within_2
P45,autocatalysis,Act,contextual,1,within_2
P45,autocatalysis,Inquire,contextual,1,within_2
P45,autocatalysis,Train,contextual,1,within_2
P45,autocatalysis,Train,contextual,2,within_2
P45,autocatalysis,Act,direct,0,same_quote
P45,autocatalysis,Inquire,direct,0,same_quote
P45,autocatalysis,Train,direct,0,same_quote
P45,autocatalysis,Standardize,contextual,2,within_2
P45,autocatalysis,Act,contextual,1,within_2
P45,autocatalysis,Inquire,contextual,1,within_2
P45,autocatalysis,Train,contextual,1,within_2
P45,autocatalysis,Inquire,contextual,2,within_2
P45,autocatalysis,Train,direct,0,same_quote
P45,autocatalysis,Act,contextual,2,within_2
P45,autocatalysis,Inquire,contextual,2,within_2
P45,autocatalysis,Act,contextual,1,within_2
P45,autocatalysis,Inquire,contextual,1,within_2
P45,autocatalysis,Train,contextual,1,within_2
P45,autocatalysis,Inquire,contextual,1,within_2
P45,autocatalysis,Inquire,direct,0,same_quote
P45,autocatalysis,Act,contextual,2,within_2
P45,autocatalysis,Inquire,contextual,2,within_2
P45,autocatalysis,Train,contextual,2,within_2
P45,autocatalysis,Train,contextual,1,within_2
P45,autocatalysis,Train,contextual,2,within_2
P45,autocatalysis,Train,contextual,2,within_2
P45,autocatalysis,Inquire,contextual,1,within_2
P45,autocatalysis,Train,contextual,1,within_2
P45,process_disruption,Train,direct,0,same_quote
P45,process_disruption,Inquire,contextual,2,within_2
P45,process_disruption,Standardize,contextual,2,within_2
P45,process_disruption,Train,contextual,1,within_2
P45,process_disruption,Standardize,contextual,1,within_2
P45,process_disruption,Train,contextual,2,within_2
P45,process_disruption,Inquire,contextual,2,within_2
P45,process_disruption,Standardize,direct,0,same_quote
P45,process_disruption,Train,contextual,2,within_2
P45,process_disruption,Train,contextual,1,within_2
P45,process_disruption,Inquire,contextual,1,within_2
P45,process_disruption,Train,direct,0,same_quote
P45,process_disruption,Inquire,direct,0,same_quote
P45,process_disruption,Standardize,contextual,1,within_2
P45,process_disruption,Inquire,contextual,2,within_2
P45,process_disruption,Standardize,contextual,2,within_2
P45,process_disruption,Train,contextual,1,within_2
P45,process_disruption,Inquire,contextual,1,within_2
P45,process_disruption,Inquire,contextual,1,within_2
P45,process_disruption,Act,contextual,2,within_2
P45,process_disruption,Inquire,contextual,2,within_2
P45,process_disruption,Standardize,contextual,2,within_2
P45,process_disruption,Inquire,direct,0,same_quote
P45,process_disruption,Train,contextual,2,within_2
P45,process_disruption,Inquire,contextual,2,within_2
P45,process_disruption,Act,contextual,1,within_2
P45,process_disruption,Inquire,contextual,1,within_2
P45,process_disruption,Standardize,contextual,1,within_2
P45,process_disruption,Act,direct,0,same_quote
P45,process_disruption,Inquire,direct,0,same_quote
P45,process_disruption,Standardize,direct,0,same_quote
P45,process_disruption,Inquire,contextual,1,within_2
P45,process_disruption,Inquire,contextual,2,within_2
P45,process_disruption,Act,contextual,1,within_2
P45,process_disruption,Inquire,contextual,1,within_2
P45,process_disruption,Standardize,contextual,1,within_2
P45,process_disruption,Train,contextual,2,within_2
P45,process_disruption,Act,contextual,2,within_2
P45,process_disruption,Inquire,contextual,2,within_2
P45,process_disruption,Standardize,contextual,2,within_2
P45,process_disruption,Train,contextual,1,within_2
P45,process_disruption,Train,direct,0,same_quote
P45,process_disruption,Inquire,contextual,2,within_2
P45,process_disruption,Train,contextual,1,within_2
P45,process_disruption,Inquire,contextual,1,within_2
P45,process_disruption,Inquire,contextual,2,within_2
P45,process_disruption,Inquire,direct,0,same_quote
P45,process_disruption,Train,contextual,2,within_2
P45,process_disruption,Inquire,contextual,1,within_2
P45,process_disruption,Act,contextual,2,within_2
P45,process_disruption,Inquire,contextual,2,within_2
P45,process_disruption,Inquire,direct,0,same_quote
P45,process_disruption,Inquire,contextual,1,within_2
P45,process_disruption,Act,contextual,1,within_2
P45,process_disruption,Inquire,contextual,1,within_2
P45,process_disruption,Act,direct,0,same_quote
P45,process_disruption,Inquire,direct,0,same_quote
P45,process_disruption,Inquire,contextual,2,within_2
P45,process_disruption,Inquire,contextual,1,within_2
P46,stochastic_uncertainty,Standardize,direct,0,same_quote
P46,stochastic_uncertainty,Act,contextual,1,within_2
P46,stochastic_uncertainty,Act,contextual,2,within_2
P46,stochastic_uncertainty,Train,contextual,2,within_2
P46,stochastic_uncertainty,Act,direct,0,same_quote
P46,stochastic_uncertainty,Standardize,contextual,1,within_2
P46,stochastic_uncertainty,Act,contextual,1,within_2
P46,stochastic_uncertainty,Train,contextual,1,within_2
P46,stochastic_uncertainty,Train,contextual,2,within_2
P46,stochastic_uncertainty,Act,direct,0,same_quote
P46,stochastic_uncertainty,Train,direct,0,same_quote
P46,stochastic_uncertainty,Standardize,contextual,2,within_2
P46,stochastic_uncertainty,Act,contextual,1,within_2
P46,stochastic_uncertainty,Train,contextual,1,within_2
P46,stochastic_uncertainty,Act,contextual,2,within_2
P46,stochastic_uncertainty,Train,direct,0,same_quote
P46,stochastic_uncertainty,Act,contextual,2,within_2
P46,stochastic_uncertainty,Act,contextual,1,within_2
P46,stochastic_uncertainty,Train,contextual,1,within_2
P46,stochastic_uncertainty,Act,contextual,1,within_2
P46,stochastic_uncertainty,Act,contextual,2,within_2
P46,stochastic_uncertainty,Act,direct,0,same_quote
P46,stochastic_uncertainty,Act,contextual,2,within_2
P46,stochastic_uncertainty,Train,contextual,2,within_2
P46,stochastic_uncertainty,Train,contextual,1,within_2
P46,stochastic_uncertainty,Act,contextual,1,within_2
P46,stochastic_uncertainty,Act,direct,0,same_quote
P46,stochastic_uncertainty,Train,contextual,2,within_2
P46,stochastic_uncertainty,Act,contextual,1,within_2
P46,high_customer_expectations,Act,contextual,2,within_2
P46,high_customer_expectations,Act,contextual,1,within_2
P46,high_customer_expectations,Standardize,contextual,2,within_2
P46,high_customer_expectations,Act,contextual,2,within_2
P46,high_customer_expectations,Standardize,contextual,1,within_2
P46,high_customer_expectations,Standardize,direct,0,same_quote
P46,high_customer_expectations,Act,contextual,2,within_2
P46,high_customer_expectations,Standardize,contextual,2,within_2
P46,high_customer_expectations,Standardize,contextual,1,within_2
P46,high_customer_expectations,Act,contextual,1,within_2
P46,high_customer_expectations,Standardize,contextual,1,within_2
P46,high_customer_expectations,Act,direct,0,same_quote
P46,high_customer_expectations,Standardize,direct,0,same_quote
P46,high_customer_expectations,Standardize,contextual,2,within_2
P46,high_customer_expectations,Act,contextual,1,within_2
P46,high_customer_expectations,Standardize,contextual,1,within_2
P46,high_customer_expectations,Train,contextual,2,within_2
P46,high_customer_expectations,Act,contextual,2,within_2
P46,high_customer_expectations,Standardize,contextual,2,within_2
P46,high_customer_expectations,Train,contextual,1,within_2
P46,autocatalysis,Train,direct,0,same_quote
P46,autocatalysis,Train,contextual,2,within_2
P46,autocatalysis,Train,contextual,1,within_2
P46,autocatalysis,Train,contextual,1,within_2
P46,autocatalysis,Act,contextual,2,within_2
P46,autocatalysis,Train,direct,0,same_quote
P46,autocatalysis,Train,contextual,2,within_2
P46,autocatalysis,Act,contextual,1,within_2
P46,autocatalysis,Act,contextual,2,within_2
P46,autocatalysis,Act,direct,0,same_quote
P46,autocatalysis,Train,contextual,1,within_2
P46,autocatalysis,Act,contextual,1,within_2
P46,autocatalysis,Act,contextual,2,within_2
P46,autocatalysis,Act,direct,0,same_quote
P46,autocatalysis,Train,contextual,2,within_2
P46,autocatalysis,Act,contextual,1,within_2
P46,autocatalysis,Act,contextual,1,within_2
P46,autocatalysis,Act,contextual,2,within_2
P46,autocatalysis,Act,direct,0,same_quote
P46,autocatalysis,Act,contextual,2,within_2
P46,autocatalysis,Act,contextual,1,within_2
P46,autocatalysis,Act,contextual,1,within_2
P46,autocatalysis,Act,direct,0,same_quote
P46,autocatalysis,Act,contextual,2,within_2
P46,autocatalysis,Act,contextual,1,within_2
P46,autocatalysis,Standardize,contextual,2,within_2
P46,autocatalysis,Act,contextual,2,within_2
P46,autocatalysis,Act,contextual,1,within_2
P46,autocatalysis,Standardize,contextual,1,within_2
P46,autocatalysis,Act,contextual,2,within_2
P46,process_disruption,Standardize,direct,0,same_quote
P46,process_disruption,Act,contextual,2,within_2
P46,process_disruption,Act,contextual,1,within_2
P46,process_disruption,Standardize,contextual,2,within_2
P46,process_disruption,Act,direct,0,same_quote
P46,process_disruption,Standardize,contextual,1,within_2
P46,process_disruption,Standardize,contextual,1,within_2
P46,process_disruption,Act,contextual,2,within_2
P46,process_disruption,Standardize,direct,0,same_quote
P46,process_disruption,Standardize,contextual,2,within_2
P46,process_disruption,Act,contextual,1,within_2
P46,process_disruption,Act,contextual,1,within_2
P46,process_disruption,Inquire,contextual,2,within_2
P46,process_disruption,Act,direct,0,same_quote
P46,process_disruption,Act,contextual,2,within_2
P46,process_disruption,Standardize,contextual,1,within_2
P46,process_disruption,Inquire,contextual,1,within_2
P46,process_disruption,Standardize,contextual,2,within_2
P46,process_disruption,Inquire,direct,0,same_quote
P46,process_disruption,Standardize,contextual,2,within_2
P46,process_disruption,Act,contextual,1,within_2
P46,process_disruption,Standardize,contextual,1,within_2
P46,process_disruption,Train,contextual,2,within_2
P46,process_disruption,Standardize,direct,0,same_quote
P46,process_disruption,Act,contextual,2,within_2
P46,process_disruption,Inquire,contextual,1,within_2
P46,process_disruption,Train,contextual,1,within_2
P46,process_disruption,Act,contextual,2,within_2
P46,process_disruption,Train,direct,0,same_quote
P46,process_disruption,Inquire,contextual,2,within_2
P46,process_disruption,Standardize,contextual,1,within_2
P46,process_disruption,Act,contextual,1,within_2
P46,process_disruption,Act,contextual,2,within_2
P46,process_disruption,Act,direct,0,same_quote
P46,process_disruption,Standardize,contextual,2,within_2
P46,process_disruption,Train,contextual,1,within_2
P46,process_disruption,Act,contextual,1,within_2
P46,process_disruption,Train,contextual,2,within_2
P46,process_disruption,Act,direct,0,same_quote
P46,process_disruption,Train,contextual,2,within_2
P46,process_disruption,Act,contextual,1,within_2
P46,process_disruption,Train,contextual,1,within_2
P46,process_disruption,Train,direct,0,same_quote
P46,process_disruption,Act,contextual,2,within_2
P46,process_disruption,Act,contextual,1,within_2
P47,high_customer_expectations,Inquire,direct,0,same_quote
P47,high_customer_expectations,Train,contextual,2,within_2
P47,high_customer_expectations,Inquire,contextual,1,within_2
P47,high_customer_expectations,Train,contextual,1,within_2
P47,high_customer_expectations,Inquire,contextual,2,within_2
P47,high_customer_expectations,Train,direct,0,same_quote
P47,high_customer_expectations,Inquire,contextual,2,within_2
P47,high_customer_expectations,Inquire,contextual,1,within_2
P47,high_customer_expectations,Inquire,contextual,2,within_2
P47,high_customer_expectations,Inquire,direct,0,same_quote
P47,high_customer_expectations,Train,contextual,1,within_2
P47,high_customer_expectations,Inquire,contextual,1,within_2
P47,high_customer_expectations,Inquire,contextual,2,within_2
P47,high_customer_expectations,Inquire,direct,0,same_quote
P47,high_customer_expectations,Train,contextual,2,within_2
P47,high_customer_expectations,Inquire,contextual,1,within_2
P47,high_customer_expectations,Inquire,contextual,1,within_2
P47,high_customer_expectations,Act,contextual,2,within_2
P47,high_customer_expectations,Inquire,direct,0,same_quote
P47,high_customer_expectations,Inquire,contextual,2,within_2
P47,high_customer_expectations,Inquire,contextual,1,within_2
P47,high_customer_expectations,Act,contextual,1,within_2
P47,high_customer_expectations,Train,contextual,2,within_2
P47,autocatalysis,Act,direct,0,same_quote
P47,autocatalysis,Inquire,contextual,2,within_2
P47,autocatalysis,Inquire,contextual,1,within_2
P47,autocatalysis,Train,contextual,1,within_2
P47,autocatalysis,Inquire,contextual,2,within_2
P47,autocatalysis,Train,direct,0,same_quote
P47,autocatalysis,Inquire,contextual,2,within_2
P47,autocatalysis,Act,contextual,1,within_2
P47,autocatalysis,Inquire,contextual,1,within_2
P47,autocatalysis,Act,contextual,2,within_2
P47,autocatalysis,Standardize,contextual,2,within_2
P47,autocatalysis,Inquire,direct,0,same_quote
P47,autocatalysis,Act,contextual,2,within_2
P47,autocatalysis,Train,contextual,1,within_2
P47,autocatalysis,Act,contextual,1,within_2
P47,autocatalysis,Standardize,contextual,1,within_2
P47,autocatalysis,Train,contextual,2,within_2
P47,autocatalysis,Act,direct,0,same_quote
P47,autocatalysis,Standardize,direct,0,same_quote
P47,autocatalysis,Train,contextual,2,within_2
P47,autocatalysis,Inquire,contextual,1,within_2
P47,autocatalysis,Train,contextual,1,within_2
P47,autocatalysis,Train,contextual,2,within_2
P47,autocatalysis,Train,direct,0,same_quote
P47,autocatalysis,Inquire,contextual,2,within_2
P47,autocatalysis,Act,contextual,1,within_2
P47,autocatalysis,Standardize,contextual,1,within_2
P47,autocatalysis,Train,contextual,1,within_2
P47,autocatalysis,Inquire,contextual,2,within_2
P47,autocatalysis,Train,direct,0,same_quote
P47,autocatalysis,Act,contextual,2,within_2
P47,autocatalysis,Standardize,contextual,2,within_2
P47,autocatalysis,Train,contextual,1,within_2
P47,autocatalysis,Inquire,contextual,1,within_2
P47,autocatalysis,Train,contextual,2,within_2
P47,autocatalysis,Standardize,contextual,2,within_2
P47,autocatalysis,Inquire,direct,0,same_quote
P47,autocatalysis,Train,contextual,2,within_2
P47,autocatalysis,Train,contextual,1,within_2
P47,autocatalysis,Train,contextual,1,within_2
P47,autocatalysis,Standardize,contextual,1,within_2
P47,autocatalysis,Train,direct,0,same_quote
P47,autocatalysis,Standardize,direct,0,same_quote
P47,autocatalysis,Train,contextual,2,within_2
P47,autocatalysis,Inquire,contextual,1,within_2
P47,autocatalysis,Act,contextual,2,within_2
P47,autocatalysis,Inquire,contextual,2,within_2
P47,autocatalysis,Inquire,contextual,2,within_2
P47,autocatalysis,Train,contextual,1,within_2
P47,autocatalysis,Standardize,contextual,1,within_2
P47,autocatalysis,Act,contextual,1,within_2
P47,autocatalysis,Inquire,contextual,1,within_2
P47,autocatalysis,Inquire,contextual,2,within_2
P47,autocatalysis,Act,direct,0,same_quote
P47,autocatalysis,Inquire,direct,0,same_quote
P47,autocatalysis,Train,contextual,2,within_2
P47,autocatalysis,Standardize,contextual,2,within_2
P47,autocatalysis,Inquire,contextual,1,within_2
P47,process_disruption,Inquire,direct,0,same_quote
P47,process_disruption,Act,contextual,1,within_2
P47,process_disruption,Inquire,contextual,1,within_2
P47,process_disruption,Inquire,contextual,2,within_2
P47,process_disruption,Act,contextual,2,within_2
P47,process_disruption,Inquire,contextual,2,within_2
P47,process_disruption,Inquire,contextual,1,within_2
P47,process_disruption,Inquire,contextual,1,within_2
P47,process_disruption,Train,contextual,2,within_2
P47,process_disruption,Inquire,direct,0,same_quote
P47,process_disruption,Inquire,contextual,2,within_2
P47,process_disruption,Train,contextual,1,within_2
P47,process_disruption,Inquire,contextual,2,within_2
P47,process_disruption,Train,direct,0,same_quote
P47,process_disruption,Inquire,contextual,1,within_2
P47,process_disruption,Inquire,contextual,1,within_2
P47,process_disruption,Train,contextual,2,within_2
P47,process_disruption,Inquire,direct,0,same_quote
P47,process_disruption,Inquire,contextual,2,within_2
P47,process_disruption,Train,contextual,1,within_2
P47,process_disruption,Train,contextual,1,within_2
P47,process_disruption,Inquire,contextual,2,within_2
P47,process_disruption,Train,direct,0,same_quote
P47,process_disruption,Train,contextual,2,within_2
P47,process_disruption,Inquire,contextual,1,within_2
P47,process_disruption,Inquire,contextual,1,within_2
P47,process_disruption,Inquire,direct,0,same_quote
P47,process_disruption,Inquire,contextual,2,within_2
P47,process_disruption,Train,contextual,1,within_2
P47,process_disruption,Standardize,contextual,2,within_2
P47,process_disruption,Train,contextual,2,within_2
P47,process_disruption,Inquire,contextual,1,within_2
P47,process_disruption,Standardize,contextual,1,within_2
P47,process_disruption,Act,contextual,2,within_2
P47,process_disruption,Standardize,direct,0,same_quote
P47,process_disruption,Inquire,contextual,2,within_2
P47,process_disruption,Act,contextual,1,within_2
P47,process_disruption,Train,contextual,2,within_2
P47,process_disruption,Act,direct,0,same_quote
P47,process_disruption,Standardize,contextual,1,within_2
P47,process_disruption,Train,contextual,1,within_2
P47,process_disruption,Standardize,contextual,2,within_2
P47,process_disruption,Train,direct,0,same_quote
P47,process_disruption,Standardize,contextual,2,within_2
P47,process_disruption,Act,contextual,1,within_2
P47,process_disruption,Standardize,contextual,1,within_2
P47,process_disruption,Train,contextual,2,within_2
P47,process_disruption,Inquire,contextual,2,within_2
P47,stochastic_uncertainty,Standardize,direct,0,same_quote
P47,stochastic_uncertainty,Act,contextual,2,within_2
P47,stochastic_uncertainty,Train,contextual,1,within_2
P47,stochastic_uncertainty,Train,contextual,1,within_2
P47,stochastic_uncertainty,Inquire,contextual,1,within_2
P47,stochastic_uncertainty,Inquire,contextual,2,within_2
P47,stochastic_uncertainty,Train,direct,0,same_quote
P47,stochastic_uncertainty,Inquire,direct,0,same_quote
P47,stochastic_uncertainty,Train,contextual,2,within_2
P47,stochastic_uncertainty,Standardize,contextual,1,within_2
P47,stochastic_uncertainty,Inquire,contextual,1,within_2
P47,stochastic_uncertainty,Act,contextual,2,within_2
P47,stochastic_uncertainty,Standardize,contextual,2,within_2
P47,stochastic_uncertainty,Inquire,direct,0,same_quote
P47,stochastic_uncertainty,Standardize,contextual,2,within_2
P47,stochastic_uncertainty,Train,contextual,1,within_2
P47,stochastic_uncertainty,Inquire,contextual,1,within_2
P47,stochastic_uncertainty,Act,contextual,1,within_2
P47,stochastic_uncertainty,Standardize,contextual,1,within_2
P47,stochastic_uncertainty,Act,contextual,2,within_2
P47,stochastic_uncertainty,Standardize,contextual,2,within_2
P47,stochastic_uncertainty,Act,direct,0,same_quote
P47,stochastic_uncertainty,Standardize,direct,0,same_quote
P47,stochastic_uncertainty,Train,contextual,2,within_2
P47,stochastic_uncertainty,Inquire,contextual,2,within_2
P47,stochastic_uncertainty,Inquire,contextual,1,within_2
P47,stochastic_uncertainty,Act,contextual,1,within_2
P47,stochastic_uncertainty,Standardize,contextual,1,within_2
P47,stochastic_uncertainty,Train,contextual,2,within_2
P47,stochastic_uncertainty,Act,direct,0,same_quote
P47,stochastic_uncertainty,Standardize,direct,0,same_quote
P47,stochastic_uncertainty,Inquire,contextual,2,within_2
P47,stochastic_uncertainty,Act,contextual,1,within_2
P47,stochastic_uncertainty,Standardize,contextual,1,within_2
P47,stochastic_uncertainty,Train,contextual,1,within_2
P47,stochastic_uncertainty,Train,direct,0,same_quote
P47,stochastic_uncertainty,Act,contextual,2,within_2
P47,stochastic_uncertainty,Standardize,contextual,2,within_2
P47,stochastic_uncertainty,Act,contextual,1,within_2
P47,stochastic_uncertainty,Standardize,contextual,1,within_2
P48,process_disruption,Act,direct,0,same_quote
P48,process_disruption,Standardize,direct,0,same_quote
P48,process_disruption,Act,contextual,1,within_2
P48,process_disruption,Train,contextual,2,within_2
P48,process_disruption,Act,direct,0,same_quote
P48,process_disruption,Act,contextual,1,within_2
P48,process_disruption,Standardize,contextual,1,within_2
P48,process_disruption,Train,contextual,1,within_2
P48,process_disruption,Act,contextual,2,within_2
P48,process_disruption,Train,direct,0,same_quote
P48,process_disruption,Act,contextual,2,within_2
P48,process_disruption,Standardize,contextual,2,within_2
P48,process_disruption,Act,contextual,1,within_2
P48,process_disruption,Act,contextual,1,within_2
P48,process_disruption,Act,contextual,2,within_2
P48,process_disruption,Standardize,contextual,2,within_2
P48,process_disruption,Act,direct,0,same_quote
P48,process_disruption,Act,contextual,2,within_2
P48,process_disruption,Train,contextual,1,within_2
P48,process_disruption,Act,contextual,1,within_2
P48,process_disruption,Standardize,contextual,1,within_2
P48,process_disruption,Train,contextual,2,within_2
P48,process_disruption,Act,direct,0,same_quote
P48,process_disruption,Standardize,direct,0,same_quote
P48,process_disruption,Train,contextual,2,within_2
P48,process_disruption,Act,contextual,1,within_2
P48,process_disruption,Train,contextual,1,within_2
P48,process_disruption,Act,contextual,2,within_2
P48,process_disruption,Train,direct,0,same_quote
P48,process_disruption,Act,contextual,2,within_2
P48,process_disruption,Act,contextual,1,within_2
P48,process_disruption,Standardize,contextual,1,within_2
P48,process_disruption,Act,contextual,1,within_2
P48,process_disruption,Act,contextual,2,within_2
P48,process_disruption,Act,direct,0,same_quote
P48,process_disruption,Act,contextual,2,within_2
P48,process_disruption,Standardize,contextual,2,within_2
P48,process_disruption,Train,contextual,1,within_2
P48,process_disruption,Act,contextual,1,within_2
P48,process_disruption,Inquire,contextual,2,within_2
P48,process_disruption,Act,direct,0,same_quote
P48,process_disruption,Train,contextual,2,within_2
P48,process_disruption,Act,contextual,1,within_2
P48,process_disruption,Inquire,contextual,1,within_2
P48,process_disruption,Act,contextual,2,within_2
P48,process_disruption,Inquire,direct,0,same_quote
P48,process_disruption,Act,contextual,2,within_2
P48,process_disruption,Act,contextual,1,within_2
P48,process_disruption,Act,contextual,1,within_2
P48,process_disruption,Act,direct,0,same_quote
P48,process_disruption,Act,contextual,2,within_2
P48,process_disruption,Inquire,contextual,1,within_2
P48,process_disruption,Act,contextual,2,within_2
P48,stochastic_uncertainty,Inquire,contextual,2,within_2
P48,stochastic_uncertainty,Act,contextual,1,within_2
P48,stochastic_uncertainty,Act,contextual,1,within_2
P48,stochastic_uncertainty,Act,contextual,2,within_2
P48,stochastic_uncertainty,Act,direct,0,same_quote
P48,stochastic_uncertainty,Act,contextual,2,within_2
P48,stochastic_uncertainty,Act,contextual,1,within_2
P48,stochastic_uncertainty,Act,direct,0,same_quote
P48,stochastic_uncertainty,Act,contextual,1,within_2
P48,stochastic_uncertainty,Act,contextual,2,within_2
P48,stochastic_uncertainty,Act,contextual,2,within_2
P48,stochastic_uncertainty,Act,contextual,1,within_2
P48,stochastic_uncertainty,Act,contextual,1,within_2
P48,stochastic_uncertainty,Act,contextual,2,within_2
P48,stochastic_uncertainty,Act,direct,0,same_quote
P48,stochastic_uncertainty,Act,contextual,2,within_2
P48,stochastic_uncertainty,Act,contextual,1,within_2
P48,stochastic_uncertainty,Inquire,contextual,2,within_2
P48,stochastic_uncertainty,Act,direct,0,same_quote
P48,stochastic_uncertainty,Act,contextual,1,within_2
P48,stochastic_uncertainty,Inquire,contextual,1,within_2
P48,stochastic_uncertainty,Act,contextual,2,within_2
P48,stochastic_uncertainty,Inquire,contextual,2,within_2
P48,stochastic_uncertainty,Inquire,direct,0,same_quote
P48,stochastic_uncertainty,Act,contextual,2,within_2
P48,stochastic_uncertainty,Act,contextual,1,within_2
P48,stochastic_uncertainty,Act,contextual,1,within_2
P48,stochastic_uncertainty,Inquire,contextual,1,within_2
P48,stochastic_uncertainty,Act,contextual,2,within_2
P48,stochastic_uncertainty,Act,direct,0,same_quote
P48,stochastic_uncertainty,Inquire,direct,0,same_quote
P48,stochastic_uncertainty,Act,contextual,2,within_2
P48,stochastic_uncertainty,Inquire,contextual,1,within_2
P48,stochastic_uncertainty,Act,contextual,1,within_2
P48,stochastic_uncertainty,Standardize,contextual,2,within_2
P48,autocatalysis,Act,direct,0,same_quote
P48,autocatalysis,Inquire,contextual,2,within_2
P48,autocatalysis,Act,contextual,1,within_2
P48,autocatalysis,Inquire,contextual,1,within_2
P48,autocatalysis,Standardize,contextual,1,within_2
P48,autocatalysis,Inquire,contextual,2,within_2
P48,autocatalysis,Standardize,direct,0,same_quote
P48,autocatalysis,Act,contextual,2,within_2
P48,autocatalysis,Inquire,contextual,2,within_2
P48,autocatalysis,Act,contextual,1,within_2
P48,autocatalysis,Inquire,contextual,1,within_2
P48,autocatalysis,Act,contextual,2,within_2
P48,autocatalysis,Inquire,contextual,2,within_2
P48,autocatalysis,Inquire,direct,0,same_quote
P48,autocatalysis,Act,contextual,2,within_2
P48,autocatalysis,Standardize,contextual,1,within_2
P48,autocatalysis,Act,contextual,1,within_2
P48,autocatalysis,Inquire,contextual,1,within_2
P48,autocatalysis,Act,direct,0,same_quote
P48,autocatalysis,Inquire,direct,0,same_quote
P48,autocatalysis,Standardize,contextual,2,within_2
P48,autocatalysis,Inquire,contextual,1,within_2
P48,autocatalysis,Act,contextual,2,within_2
P48,autocatalysis,Train,contextual,2,within_2
P48,autocatalysis,Inquire,contextual,2,within_2
P48,autocatalysis,Act,contextual,1,within_2
P48,autocatalysis,Inquire,contextual,1,within_2
P48,autocatalysis,Act,contextual,1,within_2
P48,autocatalysis,Train,contextual,1,within_2
P48,autocatalysis,Act,contextual,2,within_2
P48,autocatalysis,Act,direct,0,same_quote
P48,autocatalysis,Train,direct,0,same_quote
P48,autocatalysis,Act,contextual,2,within_2
P48,autocatalysis,Inquire,contextual,2,within_2
P48,autocatalysis,Act,contextual,1,within_2
P48,autocatalysis,Act,contextual,2,within_2
P48,autocatalysis,Act,direct,0,same_quote
P48,autocatalysis,Act,contextual,1,within_2
P48,autocatalysis,Train,contextual,1,within_2
P48,autocatalysis,Act,contextual,1,within_2
P48,autocatalysis,Act,direct,0,same_quote
P48,autocatalysis,Act,contextual,2,within_2
P48,autocatalysis,Train,contextual,2,within_2
P48,autocatalysis,Act,contextual,1,within_2
P48,autocatalysis,Train,contextual,2,within_2
P48,autocatalysis,Act,contextual,2,within_2
P48,autocatalysis,Act,contextual,1,within_2
P48,autocatalysis,Train,contextual,1,within_2
P48,high_customer_expectations,Train,direct,0,same_quote
P48,high_customer_expectations,Act,contextual,2,within_2
P48,high_customer_expectations,Act,contextual,2,within_2
P48,high_customer_expectations,Train,contextual,1,within_2
P48,high_customer_expectations,Act,contextual,1,within_2
P48,high_customer_expectations,Act,contextual,2,within_2
P48,high_customer_expectations,Act,direct,0,same_quote
P48,high_customer_expectations,Train,contextual,2,within_2
P48,high_customer_expectations,Act,contextual,1,within_2
P48,high_customer_expectations,Act,direct,0,same_quote
P48,high_customer_expectations,Act,contextual,1,within_2
P48,high_customer_expectations,Inquire,contextual,2,within_2
P48,high_customer_expectations,Act,contextual,2,within_2
P48,high_customer_expectations,Act,contextual,1,within_2
P48,high_customer_expectations,Inquire,contextual,1,within_2
P48,high_customer_expectations,Act,contextual,2,within_2
P48,high_customer_expectations,Inquire,direct,0,same_quote
P48,high_customer_expectations,Act,contextual,2,within_2
P48,high_customer_expectations,Act,contextual,1,within_2
P48,high_customer_expectations,Act,direct,0,same_quote
P48,high_customer_expectations,Inquire,contextual,1,within_2
P48,high_customer_expectations,Train,contextual,2,within_2
P48,high_customer_expectations,Inquire,contextual,2,within_2
P48,high_customer_expectations,Act,contextual,1,within_2
P48,high_customer_expectations,Train,contextual,1,within_2
P48,high_customer_expectations,Act,contextual,2,within_2
P48,high_customer_expectations,Train,direct,0,same_quote
P48,high_customer_expectations,Act,contextual,2,within_2
P48,high_customer_expectations,Act,contextual,1,within_2
P48,high_customer_expectations,Act,direct,0,same_quote
P48,high_customer_expectations,Train,contextual,1,within_2
P5,stochastic_uncertainty,Act,direct,0,same_quote
P5,stochastic_uncertainty,Inquire,direct,0,same_quote
P5,stochastic_uncertainty,Act,contextual,1,within_2
P5,stochastic_uncertainty,Inquire,contextual,2,within_2
P5,stochastic_uncertainty,Act,direct,0,same_quote
P5,stochastic_uncertainty,Act,contextual,1,within_2
P5,stochastic_uncertainty,Inquire,contextual,1,within_2
P5,stochastic_uncertainty,Inquire,contextual,1,within_2
P5,stochastic_uncertainty,Inquire,direct,0,same_quote
P5,stochastic_uncertainty,Act,contextual,2,within_2
P5,stochastic_uncertainty,Inquire,contextual,2,within_2
P5,stochastic_uncertainty,Act,contextual,1,within_2
P5,stochastic_uncertainty,Act,contextual,2,within_2
P5,stochastic_uncertainty,Standardize,contextual,2,within_2
P5,stochastic_uncertainty,Act,contextual,2,within_2
P5,stochastic_uncertainty,Inquire,contextual,1,within_2
P5,stochastic_uncertainty,Act,contextual,1,within_2
P5,stochastic_uncertainty,Standardize,contextual,1,within_2
P5,stochastic_uncertainty,Standardize,contextual,2,within_2
P5,stochastic_uncertainty,Act,direct,0,same_quote
P5,stochastic_uncertainty,Standardize,direct,0,same_quote
P5,stochastic_uncertainty,Inquire,contextual,2,within_2
P5,stochastic_uncertainty,Standardize,contextual,1,within_2
P5,stochastic_uncertainty,Standardize,direct,0,same_quote
P5,stochastic_uncertainty,Act,contextual,1,within_2
P5,stochastic_uncertainty,Standardize,contextual,1,within_2
P5,stochastic_uncertainty,Inquire,contextual,2,within_2
P5,stochastic_uncertainty,Act,contextual,2,within_2
P5,stochastic_uncertainty,Standardize,contextual,2,within_2
P5,stochastic_uncertainty,Standardize,contextual,1,within_2
P5,stochastic_uncertainty,Inquire,contextual,1,within_2
P5,stochastic_uncertainty,Train,contextual,2,within_2
P5,stochastic_uncertainty,Inquire,direct,0,same_quote
P5,stochastic_uncertainty,Standardize,contextual,2,within_2
P5,stochastic_uncertainty,Train,contextual,1,within_2
P5,stochastic_uncertainty,Train,direct,0,same_quote
P5,stochastic_uncertainty,Inquire,contextual,1,within_2
P5,stochastic_uncertainty,Inquire,contextual,2,within_2
P5,high_customer_expectations,Inquire,contextual,2,within_2
P5,high_customer_expectations,Train,contextual,1,within_2
P5,high_customer_expectations,Inquire,contextual,1,within_2
P5,high_customer_expectations,Inquire,direct,0,same_quote
P5,high_customer_expectations,Train,contextual,2,within_2
P5,high_customer_expectations,Inquire,contextual,1,within_2
P5,high_customer_expectations,Act,contextual,2,within_2
P5,high_customer_expectations,Inquire,contextual,2,within_2
P5,high_customer_expectations,Act,contextual,1,within_2
P5,high_customer_expectations,Act,contextual,2,within_2
P5,high_customer_expectations,Act,direct,0,same_quote
P5,high_customer_expectations,Act,contextual,1,within_2
P5,high_customer_expectations,Train,contextual,2,within_2
P5,high_customer_expectations,Act,direct,0,same_quote
P5,high_customer_expectations,Act,contextual,1,within_2
P5,high_customer_expectations,Train,contextual,1,within_2
P5,high_customer_expectations,Train,direct,0,same_quote
P5,high_customer_expectations,Act,contextual,2,within_2
P5,high_customer_expectations,Act,contextual,1,within_2
P5,high_customer_expectations,Act,contextual,2,within_2
P5,high_customer_expectations,Train,contextual,1,within_2
P5,high_customer_expectations,Train,contextual,2,within_2
P5,process_disruption,Train,contextual,2,within_2
P5,process_disruption,Train,contextual,1,within_2
P5,process_disruption,Inquire,contextual,2,within_2
P5,process_disruption,Train,direct,0,same_quote
P5,process_disruption,Inquire,contextual,1,within_2
P5,process_disruption,Train,contextual,2,within_2
P5,process_disruption,Inquire,direct,0,same_quote
P5,process_disruption,Train,contextual,1,within_2
P5,process_disruption,Train,contextual,1,within_2
P5,process_disruption,Inquire,contextual,2,within_2
P5,process_disruption,Train,direct,0,same_quote
P5,process_disruption,Train,contextual,2,within_2
P5,process_disruption,Inquire,contextual,1,within_2
P5,process_disruption,Inquire,contextual,1,within_2
P5,process_disruption,Act,contextual,2,within_2
P5,process_disruption,Inquire,direct,0,same_quote
P5,process_disruption,Inquire,contextual,2,within_2
P5,process_disruption,Train,contextual,1,within_2
P5,process_disruption,Act,contextual,1,within_2
P5,process_disruption,Act,contextual,2,within_2
P5,process_disruption,Standardize,contextual,2,within_2
P5,process_disruption,Act,direct,0,same_quote
P5,process_disruption,Train,contextual,2,within_2
P5,process_disruption,Inquire,contextual,1,within_2
P5,process_disruption,Act,contextual,1,within_2
P5,process_disruption,Standardize,contextual,1,within_2
P5,process_disruption,Act,contextual,2,within_2
P5,process_disruption,Act,direct,0,same_quote
P5,process_disruption,Standardize,direct,0,same_quote
P5,process_disruption,Inquire,contextual,2,within_2
P5,process_disruption,Act,contextual,1,within_2
P5,process_disruption,Act,contextual,1,within_2
P5,process_disruption,Act,contextual,2,within_2
P5,process_disruption,Act,direct,0,same_quote
P5,process_disruption,Act,contextual,2,within_2
P5,process_disruption,Act,contextual,1,within_2
P5,process_disruption,Standardize,contextual,1,within_2
P5,process_disruption,Act,contextual,1,within_2
P5,process_disruption,Act,contextual,2,within_2
P5,process_disruption,Act,direct,0,same_quote
P5,process_disruption,Act,contextual,2,within_2
P5,process_disruption,Standardize,contextual,2,within_2
P5,process_disruption,Act,contextual,1,within_2
P5,process_disruption,Act,contextual,1,within_2
P5,process_disruption,Act,direct,0,same_quote
P5,process_disruption,Act,contextual,2,within_2
P5,process_disruption,Act,contextual,1,within_2
P5,process_disruption,Act,contextual,2,within_2
P5,process_disruption,Act,contextual,1,within_2
P5,process_disruption,Train,contextual,2,within_2
P5,process_disruption,Act,contextual,2,within_2
P5,process_disruption,Train,contextual,1,within_2
P5,autocatalysis,Train,direct,0,same_quote
P5,autocatalysis,Train,contextual,1,within_2
P5,autocatalysis,Standardize,contextual,2,within_2
P5,autocatalysis,Train,contextual,2,within_2
P5,autocatalysis,Standardize,contextual,1,within_2
P5,autocatalysis,Act,contextual,2,within_2
P5,autocatalysis,Standardize,contextual,2,within_2
P5,autocatalysis,Standardize,direct,0,same_quote
P5,autocatalysis,Act,contextual,1,within_2
P5,autocatalysis,Standardize,contextual,1,within_2
P5,autocatalysis,Train,contextual,2,within_2
P5,autocatalysis,Act,direct,0,same_quote
P5,autocatalysis,Standardize,direct,0,same_quote
P5,autocatalysis,Standardize,contextual,1,within_2
P5,autocatalysis,Train,contextual,1,within_2
P5,autocatalysis,Act,contextual,2,within_2
P5,autocatalysis,Inquire,contextual,2,within_2
P5,autocatalysis,Standardize,contextual,2,within_2
P5,autocatalysis,Train,direct,0,same_quote
P5,autocatalysis,Standardize,contextual,2,within_2
P5,autocatalysis,Act,contextual,1,within_2
P5,autocatalysis,Standardize,contextual,1,within_2
P5,autocatalysis,Act,contextual,1,within_2
P5,autocatalysis,Inquire,contextual,1,within_2
P5,autocatalysis,Standardize,contextual,1,within_2
P5,autocatalysis,Standardize,contextual,2,within_2
P5,autocatalysis,Act,direct,0,same_quote
P5,autocatalysis,Inquire,direct,0,same_quote
P5,autocatalysis,Standardize,direct,0,same_quote
P5,autocatalysis,Act,contextual,2,within_2
P5,autocatalysis,Standardize,contextual,2,within_2
P5,autocatalysis,Train,contextual,1,within_2
P5,autocatalysis,Standardize,contextual,1,within_2
P5,autocatalysis,Standardize,direct,0,same_quote
P5,autocatalysis,Train,contextual,2,within_2
P5,autocatalysis,Act,contextual,1,within_2
P5,autocatalysis,Inquire,contextual,1,within_2
P5,autocatalysis,Standardize,contextual,1,within_2
P6,process_disruption,Train,contextual,1,within_2
P6,process_disruption,Train,contextual,2,within_2
P6,process_disruption,Inquire,contextual,2,within_2
P6,process_disruption,Train,direct,0,same_quote
P6,process_disruption,Train,contextual,1,within_2
P6,process_disruption,Inquire,contextual,1,within_2
P6,process_disruption,Inquire,contextual,2,within_2
P6,process_disruption,Train,direct,0,same_quote
P6,process_disruption,Inquire,direct,0,same_quote
P6,process_disruption,Train,contextual,1,within_2
P6,process_disruption,Inquire,contextual,1,within_2
P6,process_disruption,Train,contextual,2,within_2
P6,process_disruption,Inquire,direct,0,same_quote
P6,process_disruption,Train,contextual,2,within_2
P6,process_disruption,Train,contextual,1,within_2
P6,process_disruption,Inquire,contextual,1,within_2
P6,process_disruption,Train,contextual,1,within_2
P6,process_disruption,Train,contextual,2,within_2
P6,process_disruption,Train,direct,0,same_quote
P6,process_disruption,Train,contextual,2,within_2
P6,process_disruption,Inquire,contextual,2,within_2
P6,process_disruption,Inquire,contextual,1,within_2
P6,process_disruption,Train,contextual,1,within_2
P6,process_disruption,Act,contextual,2,within_2
P6,process_disruption,Train,contextual,2,within_2
P6,process_disruption,Train,direct,0,same_quote
P6,process_disruption,Inquire,contextual,2,within_2
P6,process_disruption,Train,contextual,1,within_2
P6,process_disruption,Act,contextual,1,within_2
P6,process_disruption,Train,contextual,1,within_2
P6,process_disruption,Act,direct,0,same_quote
P6,process_disruption,Train,direct,0,same_quote
P6,process_disruption,Train,contextual,2,within_2
P6,process_disruption,Train,contextual,1,within_2
P6,process_disruption,Train,contextual,2,within_2
P6,process_disruption,Inquire,contextual,2,within_2
P6,high_customer_expectations,Train,contextual,2,within_2
P6,high_customer_expectations,Act,contextual,1,within_2
P6,high_customer_expectations,Train,contextual,1,within_2
P6,high_customer_expectations,Train,contextual,1,within_2
P6,high_customer_expectations,Inquire,contextual,1,within_2
P6,high_customer_expectations,Train,contextual,2,within_2
P6,high_customer_expectations,Train,direct,0,same_quote
P6,high_customer_expectations,Inquire,direct,0,same_quote
P6,high_customer_expectations,Act,contextual,2,within_2
P6,high_customer_expectations,Train,contextual,2,within_2
P6,high_customer_expectations,Train,contextual,1,within_2
P6,autocatalysis,Train,direct,0,same_quote
P6,autocatalysis,Train,contextual,1,within_2
P6,autocatalysis,Inquire,contextual,1,within_2
P6,autocatalysis,Train,contextual,2,within_2
P6,autocatalysis,Train,contextual,2,within_2
P6,autocatalysis,Inquire,contextual,2,within_2
P6,autocatalysis,Train,contextual,1,within_2
P6,autocatalysis,Train,contextual,1,within_2
P6,autocatalysis,Inquire,contextual,2,within_2
P6,autocatalysis,Train,direct,0,same_quote
P6,autocatalysis,Train,contextual,2,within_2
P6,autocatalysis,Inquire,contextual,1,within_2
P6,autocatalysis,Train,contextual,2,within_2
P6,autocatalysis,Inquire,direct,0,same_quote
P6,autocatalysis,Train,contextual,1,within_2
P6,autocatalysis,Train,contextual,1,within_2
P6,autocatalysis,Train,direct,0,same_quote
P6,autocatalysis,Train,contextual,2,within_2
P6,autocatalysis,Inquire,contextual,1,within_2
P6,autocatalysis,Inquire,contextual,2,within_2
P6,autocatalysis,Train,contextual,2,within_2
P6,autocatalysis,Inquire,contextual,2,within_2
P6,autocatalysis,Train,contextual,1,within_2
P6,autocatalysis,Inquire,contextual,1,within_2
P6,autocatalysis,Train,contextual,1,within_2
P6,autocatalysis,Train,contextual,2,within_2
P6,autocatalysis,Inquire,direct,0,same_quote
P6,autocatalysis,Train,direct,0,same_quote
P6,autocatalysis,Train,contextual,2,within_2
P6,autocatalysis,Train,contextual,1,within_2
P6,autocatalysis,Act,contextual,2,within_2
P6,autocatalysis,Train,direct,0,same_quote
P6,autocatalysis,Inquire,contextual,1,within_2
P6,autocatalysis,Train,contextual,1,within_2
P6,autocatalysis,Act,contextual,1,within_2
P6,stochastic_uncertainty,Act,direct,0,same_quote
P6,stochastic_uncertainty,Inquire,contextual,2,within_2
P6,stochastic_uncertainty,Train,contextual,2,within_2
P6,stochastic_uncertainty,Train,contextual,1,within_2
P6,stochastic_uncertainty,Train,contextual,2,within_2
P6,stochastic_uncertainty,Train,contextual,2,within_2
P6,stochastic_uncertainty,Act,contextual,1,within_2
P6,stochastic_uncertainty,Train,contextual,1,within_2
P6,stochastic_uncertainty,Train,contextual,2,within_2
P6,stochastic_uncertainty,Inquire,contextual,2,within_2
P6,stochastic_uncertainty,Train,direct,0,same_quote
P6,stochastic_uncertainty,Act,contextual,2,within_2
P6,stochastic_uncertainty,Train,contextual,1,within_2
P6,stochastic_uncertainty,Inquire,contextual,1,within_2
P6,stochastic_uncertainty,Train,contextual,2,within_2
P6,stochastic_uncertainty,Train,direct,0,same_quote
P6,stochastic_uncertainty,Inquire,direct,0,same_quote
P6,stochastic_uncertainty,Train,contextual,1,within_2
P6,stochastic_uncertainty,Train,contextual,1,within_2
P6,stochastic_uncertainty,Train,contextual,2,within_2
P6,stochastic_uncertainty,Train,direct,0,same_quote
P6,stochastic_uncertainty,Train,contextual,2,within_2
P6,stochastic_uncertainty,Train,contextual,1,within_2
P6,stochastic_uncertainty,Inquire,contextual,1,within_2
P6,stochastic_uncertainty,Train,contextual,1,within_2
P6,stochastic_uncertainty,Inquire,contextual,2,within_2
P6,stochastic_uncertainty,Train,contextual,2,within_2
P6,stochastic_uncertainty,Train,direct,0,same_quote
P6,stochastic_uncertainty,Train,contextual,2,within_2
P6,stochastic_uncertainty,Inquire,contextual,2,within_2
P6,stochastic_uncertainty,Train,contextual,1,within_2
P6,stochastic_uncertainty,Inquire,contextual,1,within_2
P6,stochastic_uncertainty,Train,contextual,1,within_2
P6,stochastic_uncertainty,Train,contextual,2,within_2
P6,stochastic_uncertainty,Inquire,direct,0,same_quote
P6,stochastic_uncertainty,Train,direct,0,same_quote
P6,stochastic_uncertainty,Train,contextual,2,within_2
P6,stochastic_uncertainty,Train,contextual,1,within_2
P6,stochastic_uncertainty,Train,contextual,1,within_2
P6,stochastic_uncertainty,Inquire,contextual,2,within_2
P6,stochastic_uncertainty,Train,direct,0,same_quote
P6,stochastic_uncertainty,Train,contextual,2,within_2
P6,stochastic_uncertainty,Inquire,contextual,1,within_2
P6,stochastic_uncertainty,Train,contextual,1,within_2
P6,stochastic_uncertainty,Inquire,contextual,1,within_2
P6,stochastic_uncertainty,Train,contextual,2,within_2
P6,stochastic_uncertainty,Inquire,direct,0,same_quote
P6,stochastic_uncertainty,Inquire,contextual,2,within_2
P6,stochastic_uncertainty,Train,contextual,2,within_2
P6,stochastic_uncertainty,Train,contextual,1,within_2
P6,stochastic_uncertainty,Train,contextual,1,within_2
P6,stochastic_uncertainty,Train,direct,0,same_quote
P6,stochastic_uncertainty,Train,contextual,2,within_2
P6,stochastic_uncertainty,Inquire,contextual,1,within_2
P7,high_customer_expectations,Act,contextual,1,within_2
P7,high_customer_expectations,Train,contextual,2,within_2
P7,high_customer_expectations,Act,direct,0,same_quote
P7,high_customer_expectations,Train,contextual,1,within_2
P7,high_customer_expectations,Train,direct,0,same_quote
P7,high_customer_expectations,Act,contextual,1,within_2
P7,high_customer_expectations,Inquire,contextual,2,within_2
P7,high_customer_expectations,Act,contextual,2,within_2
P7,high_customer_expectations,Train,contextual,1,within_2
P7,high_customer_expectations,Inquire,contextual,1,within_2
P7,high_customer_expectations,Act,contextual,2,within_2
P7,high_customer_expectations,Inquire,direct,0,same_quote
P7,high_customer_expectations,Train,contextual,2,within_2
P7,high_customer_expectations,Act,contextual,1,within_2
P7,high_customer_expectations,Act,direct,0,same_quote
P7,high_customer_expectations,Inquire,contextual,1,within_2
P7,high_customer_expectations,Inquire,contextual,2,within_2
P7,high_customer_expectations,Inquire,contextual,2,within_2
P7,high_customer_expectations,Act,contextual,1,within_2
P7,high_customer_expectations,Inquire,contextual,1,within_2
P7,high_customer_expectations,Inquire,contextual,2,within_2
P7,high_customer_expectations,Inquire,direct,0,same_quote
P7,high_customer_expectations,Act,contextual,2,within_2
P7,high_customer_expectations,Inquire,contextual,1,within_2
P7,high_customer_expectations,Inquire,direct,0,same_quote
P7,high_customer_expectations,Inquire,contextual,1,within_2
P7,high_customer_expectations,Standardize,contextual,2,within_2
P7,high_customer_expectations,Inquire,contextual,2,within_2
P7,high_customer_expectations,Inquire,contextual,1,within_2
P7,high_customer_expectations,Standardize,contextual,1,within_2
P7,high_customer_expectations,Standardize,contextual,2,within_2
P7,process_disruption,Standardize,direct,0,same_quote
P7,process_disruption,Inquire,contextual,2,within_2
P7,process_disruption,Standardize,contextual,1,within_2
P7,process_disruption,Standardize,direct,0,same_quote
P7,process_disruption,Standardize,contextual,1,within_2
P7,process_disruption,Act,contextual,2,within_2
P7,process_disruption,Train,contextual,2,within_2
P7,process_disruption,Standardize,contextual,2,within_2
P7,process_disruption,Standardize,contextual,1,within_2
P7,process_disruption,Act,contextual,1,within_2
P7,process_disruption,Train,contextual,1,within_2
P7,process_disruption,Inquire,contextual,2,within_2
P7,process_disruption,Act,direct,0,same_quote
P7,process_disruption,Train,direct,0,same_quote
P7,process_disruption,Standardize,contextual,2,within_2
P7,process_disruption,Inquire,contextual,1,within_2
P7,process_disruption,Inquire,direct,0,same_quote
P7,process_disruption,Act,contextual,1,within_2
P7,process_disruption,Train,contextual,1,within_2
P7,process_disruption,Train,contextual,2,within_2
P7,process_disruption,Standardize,contextual,2,within_2
P7,process_disruption,Act,contextual,2,within_2
P7,process_disruption,Train,contextual,2,within_2
P7,process_disruption,Inquire,contextual,1,within_2
P7,process_disruption,Train,contextual,1,within_2
P7,process_disruption,Standardize,contextual,1,within_2
P7,process_disruption,Standardize,contextual,2,within_2
P7,process_disruption,Train,direct,0,same_quote
P7,process_disruption,Standardize,direct,0,same_quote
P7,process_disruption,Inquire,contextual,2,within_2
P7,process_disruption,Standardize,contextual,1,within_2
P7,process_disruption,Standardize,contextual,2,within_2
P7,process_disruption,Standardize,direct,0,same_quote
P7,process_disruption,Train,contextual,1,within_2
P7,process_disruption,Standardize,contextual,1,within_2
P7,process_disruption,Standardize,contextual,1,within_2
P7,process_disruption,Standardize,contextual,2,within_2
P7,process_disruption,Standardize,direct,0,same_quote
P7,process_disruption,Train,contextual,2,within_2
P7,process_disruption,Standardize,contextual,2,within_2
P7,process_disruption,Standardize,contextual,1,within_2
P7,process_disruption,Standardize,contextual,1,within_2
P7,process_disruption,Standardize,direct,0,same_quote
P7,process_disruption,Standardize,contextual,2,within_2
P7,process_disruption,Standardize,contextual,1,within_2
P7,process_disruption,Standardize,contextual,2,within_2
P7,process_disruption,Standardize,contextual,1,within_2
P7,process_disruption,Standardize,contextual,2,within_2
P7,process_disruption,Standardize,contextual,2,within_2
P7,process_disruption,Standardize,contextual,1,within_2
P7,process_disruption,Standardize,contextual,2,within_2
P7,process_disruption,Standardize,direct,0,same_quote
P7,process_disruption,Standardize,contextual,1,within_2
P7,process_disruption,Standardize,contextual,2,within_2
P7,process_disruption,Standardize,direct,0,same_quote
P7,process_disruption,Standardize,contextual,1,within_2
P7,process_disruption,Standardize,contextual,1,within_2
P7,process_disruption,Standardize,contextual,2,within_2
P7,process_disruption,Standardize,direct,0,same_quote
P7,process_disruption,Standardize,contextual,2,within_2
P7,process_disruption,Standardize,contextual,1,within_2
P7,process_disruption,Standardize,contextual,1,within_2
P7,process_disruption,Train,contextual,2,within_2
P7,autocatalysis,Standardize,direct,0,same_quote
P7,autocatalysis,Standardize,contextual,2,within_2
P7,autocatalysis,Standardize,contextual,1,within_2
P7,autocatalysis,Train,contextual,1,within_2
P7,autocatalysis,Train,direct,0,same_quote
P7,autocatalysis,Standardize,contextual,2,within_2
P7,autocatalysis,Standardize,contextual,1,within_2
P7,autocatalysis,Standardize,contextual,2,within_2
P7,autocatalysis,Standardize,contextual,2,within_2
P7,autocatalysis,Train,contextual,1,within_2
P7,autocatalysis,Standardize,contextual,1,within_2
P7,autocatalysis,Standardize,direct,0,same_quote
P7,autocatalysis,Train,contextual,2,within_2
P7,autocatalysis,Inquire,contextual,2,within_2
P7,autocatalysis,Standardize,contextual,1,within_2
P7,autocatalysis,Inquire,contextual,1,within_2
P7,autocatalysis,Train,contextual,2,within_2
P7,autocatalysis,Inquire,direct,0,same_quote
P7,autocatalysis,Standardize,contextual,2,within_2
P7,autocatalysis,Train,contextual,1,within_2
P7,autocatalysis,Train,contextual,2,within_2
P7,stochastic_uncertainty,Train,direct,0,same_quote
P7,stochastic_uncertainty,Inquire,contextual,1,within_2
P7,stochastic_uncertainty,Train,contextual,1,within_2
P7,stochastic_uncertainty,Train,direct,0,same_quote
P7,stochastic_uncertainty,Inquire,contextual,2,within_2
P7,stochastic_uncertainty,Train,contextual,1,within_2
P7,stochastic_uncertainty,Inquire,contextual,2,within_2
P7,stochastic_uncertainty,Train,contextual,2,within_2
P7,stochastic_uncertainty,Train,contextual,1,within_2
P7,stochastic_uncertainty,Inquire,contextual,1,within_2
P7,stochastic_uncertainty,Act,contextual,2,within_2
P7,stochastic_uncertainty,Inquire,direct,0,same_quote
P7,stochastic_uncertainty,Train,contextual,2,within_2
P7,stochastic_uncertainty,Act,contextual,1,within_2
P7,stochastic_uncertainty,Act,direct,0,same_quote
P7,stochastic_uncertainty,Inquire,contextual,1,within_2
P7,stochastic_uncertainty,Inquire,contextual,2,within_2
P7,stochastic_uncertainty,Inquire,contextual,2,within_2
P7,stochastic_uncertainty,Act,contextual,1,within_2
P7,stochastic_uncertainty,Inquire,contextual,1,within_2
P7,stochastic_uncertainty,Standardize,contextual,2,within_2
P7,stochastic_uncertainty,Inquire,direct,0,same_quote
P7,stochastic_uncertainty,Act,contextual,2,within_2
P7,stochastic_uncertainty,Standardize,contextual,1,within_2
P7,stochastic_uncertainty,Standardize,contextual,2,within_2
P7,stochastic_uncertainty,Standardize,direct,0,same_quote
P7,stochastic_uncertainty,Inquire,contextual,1,within_2
P7,stochastic_uncertainty,Standardize,contextual,1,within_2
P7,stochastic_uncertainty,Inquire,contextual,2,within_2
P7,stochastic_uncertainty,Standardize,direct,0,same_quote
P7,stochastic_uncertainty,Inquire,contextual,2,within_2
P7,stochastic_uncertainty,Standardize,contextual,1,within_2
P7,stochastic_uncertainty,Inquire,contextual,1,within_2
P7,stochastic_uncertainty,Train,contextual,2,within_2
P7,stochastic_uncertainty,Inquire,direct,0,same_quote
P7,stochastic_uncertainty,Standardize,contextual,2,within_2
P7,stochastic_uncertainty,Standardize,contextual,1,within_2
P7,stochastic_uncertainty,Train,contextual,1,within_2
P7,stochastic_uncertainty,Standardize,contextual,2,within_2
P7,stochastic_uncertainty,Train,direct,0,same_quote
P7,stochastic_uncertainty,Standardize,contextual,2,within_2
P7,stochastic_uncertainty,Inquire,contextual,1,within_2
P7,stochastic_uncertainty,Standardize,contextual,1,within_2
P7,stochastic_uncertainty,Act,contextual,2,within_2
P7,stochastic_uncertainty,Standardize,direct,0,same_quote
P7,stochastic_uncertainty,Inquire,contextual,2,within_2
P7,stochastic_uncertainty,Train,contextual,1,within_2
P7,stochastic_uncertainty,Act,contextual,1,within_2
P7,stochastic_uncertainty,Standardize,contextual,2,within_2
P7,stochastic_uncertainty,Act,direct,0,same_quote
P7,stochastic_uncertainty,Train,contextual,2,within_2
P7,stochastic_uncertainty,Standardize,contextual,1,within_2
P7,stochastic_uncertainty,Standardize,contextual,1,within_2
P7,stochastic_uncertainty,Standardize,direct,0,same_quote
P7,stochastic_uncertainty,Standardize,contextual,2,within_2
P7,stochastic_uncertainty,Act,contextual,1,within_2
P8,autocatalysis,Inquire,contextual,1,within_2
P8,autocatalysis,Act,contextual,2,within_2
P8,autocatalysis,Standardize,contextual,2,within_2
P8,autocatalysis,Inquire,direct,0,same_quote
P8,autocatalysis,Act,contextual,1,within_2
P8,autocatalysis,Standardize,contextual,1,within_2
P8,autocatalysis,Act,direct,0,same_quote
P8,autocatalysis,Standardize,direct,0,same_quote
P8,autocatalysis,Inquire,contextual,1,within_2
P8,autocatalysis,Act,contextual,2,within_2
P8,autocatalysis,Inquire,contextual,2,within_2
P8,autocatalysis,Act,contextual,1,within_2
P8,autocatalysis,Standardize,contextual,1,within_2
P8,autocatalysis,Act,contextual,1,within_2
P8,autocatalysis,Act,direct,0,same_quote
P8,autocatalysis,Act,contextual,2,within_2
P8,autocatalysis,Standardize,contextual,2,within_2
P8,autocatalysis,Act,contextual,1,within_2
P8,autocatalysis,Act,contextual,2,within_2
P8,autocatalysis,Train,contextual,2,within_2
P8,autocatalysis,Train,contextual,1,within_2
P8,autocatalysis,Train,direct,0,same_quote
P8,autocatalysis,Standardize,contextual,2,within_2
P8,autocatalysis,Train,contextual,1,within_2
P8,autocatalysis,Standardize,contextual,1,within_2
P8,autocatalysis,Standardize,contextual,2,within_2
P8,autocatalysis,Standardize,direct,0,same_quote
P8,autocatalysis,Train,contextual,2,within_2
P8,autocatalysis,Standardize,contextual,1,within_2
P8,autocatalysis,Standardize,direct,0,same_quote
P8,autocatalysis,Standardize,contextual,1,within_2
P8,autocatalysis,Train,contextual,2,within_2
P8,stochastic_uncertainty,Standardize,contextual,2,within_2
P8,stochastic_uncertainty,Standardize,contextual,1,within_2
P8,stochastic_uncertainty,Train,contextual,1,within_2
P8,stochastic_uncertainty,Standardize,contextual,2,within_2
P8,stochastic_uncertainty,Train,direct,0,same_quote
P8,stochastic_uncertainty,Standardize,contextual,2,within_2
P8,stochastic_uncertainty,Standardize,contextual,1,within_2
P8,stochastic_uncertainty,Inquire,contextual,2,within_2
P8,stochastic_uncertainty,Standardize,direct,0,same_quote
P8,stochastic_uncertainty,Train,contextual,1,within_2
P8,stochastic_uncertainty,Inquire,contextual,1,within_2
P8,stochastic_uncertainty,Inquire,contextual,2,within_2
P8,stochastic_uncertainty,Inquire,direct,0,same_quote
P8,stochastic_uncertainty,Train,contextual,2,within_2
P8,stochastic_uncertainty,Standardize,contextual,1,within_2
P8,stochastic_uncertainty,Inquire,contextual,1,within_2
P8,high_customer_expectations,Inquire,direct,0,same_quote
P8,high_customer_expectations,Standardize,contextual,2,within_2
P8,high_customer_expectations,Inquire,contextual,1,within_2
P8,high_customer_expectations,Inquire,contextual,2,within_2
P8,high_customer_expectations,Inquire,contextual,1,within_2
P8,high_customer_expectations,Act,contextual,2,within_2
P8,high_customer_expectations,Standardize,contextual,2,within_2
P8,high_customer_expectations,Inquire,contextual,2,within_2
P8,high_customer_expectations,Act,contextual,1,within_2
P8,high_customer_expectations,Standardize,contextual,1,within_2
P8,high_customer_expectations,Inquire,contextual,2,within_2
P8,high_customer_expectations,Act,direct,0,same_quote
P8,high_customer_expectations,Standardize,direct,0,same_quote
P8,high_customer_expectations,Inquire,contextual,1,within_2
P8,high_customer_expectations,Inquire,direct,0,same_quote
P8,high_customer_expectations,Act,contextual,1,within_2
P8,high_customer_expectations,Standardize,contextual,1,within_2
P8,high_customer_expectations,Train,contextual,2,within_2
P8,process_disruption,Act,contextual,2,within_2
P8,process_disruption,Standardize,contextual,2,within_2
P8,process_disruption,Inquire,contextual,1,within_2
P8,process_disruption,Train,contextual,1,within_2
P8,process_disruption,Inquire,contextual,2,within_2
P8,process_disruption,Train,direct,0,same_quote
P8,process_disruption,Inquire,contextual,2,within_2
P8,process_disruption,Inquire,contextual,1,within_2
P8,process_disruption,Act,contextual,2,within_2
P8,process_disruption,Inquire,direct,0,same_quote
P8,process_disruption,Train,contextual,1,within_2
P8,process_disruption,Act,contextual,1,within_2
P8,process_disruption,Act,contextual,2,within_2
P8,process_disruption,Act,direct,0,same_quote
P8,process_disruption,Train,contextual,2,within_2
P8,process_disruption,Inquire,contextual,1,within_2
P8,process_disruption,Act,contextual,1,within_2
P8,process_disruption,Train,contextual,2,within_2
P8,process_disruption,Inquire,contextual,2,within_2
P8,process_disruption,Act,direct,0,same_quote
P8,process_disruption,Inquire,contextual,2,within_2
P8,process_disruption,Act,contextual,1,within_2
P8,process_disruption,Train,contextual,1,within_2
P8,process_disruption,Inquire,contextual,1,within_2
P8,process_disruption,Train,contextual,2,within_2
P8,process_disruption,Train,direct,0,same_quote
P8,process_disruption,Inquire,direct,0,same_quote
P8,process_disruption,Act,contextual,2,within_2
P8,process_disruption,Act,contextual,1,within_2
P8,process_disruption,Train,contextual,1,within_2
P8,process_disruption,Train,direct,0,same_quote
P8,process_disruption,Act,contextual,2,within_2
P8,process_disruption,Train,contextual,1,within_2
P8,process_disruption,Inquire,contextual,1,within_2
P9,autocatalysis,Inquire,direct,0,same_quote
P9,autocatalysis,Act,contextual,2,within_2
P9,autocatalysis,Inquire,contextual,1,within_2
P9,autocatalysis,Act,contextual,1,within_2
P9,autocatalysis,Act,contextual,2,within_2
P9,autocatalysis,Standardize,contextual,2,within_2
P9,autocatalysis,Inquire,contextual,2,within_2
P9,autocatalysis,Act,direct,0,same_quote
P9,autocatalysis,Inquire,contextual,2,within_2
P9,autocatalysis,Act,contextual,1,within_2
P9,autocatalysis,Standardize,contextual,1,within_2
P9,autocatalysis,Inquire,contextual,1,within_2
P9,autocatalysis,Act,contextual,2,within_2
P9,autocatalysis,Standardize,contextual,2,within_2
P9,autocatalysis,Act,direct,0,same_quote
P9,autocatalysis,Standardize,direct,0,same_quote
P9,autocatalysis,Inquire,direct,0,same_quote
P9,autocatalysis,Act,contextual,1,within_2
P9,autocatalysis,Act,contextual,1,within_2
P9,autocatalysis,Standardize,contextual,1,within_2
P9,autocatalysis,Standardize,contextual,2,within_2
P9,autocatalysis,Act,direct,0,same_quote
P9,autocatalysis,Standardize,direct,0,same_quote
P9,autocatalysis,Act,contextual,2,within_2
P9,autocatalysis,Act,contextual,1,within_2
P9,autocatalysis,Standardize,contextual,1,within_2
P9,autocatalysis,Inquire,contextual,1,within_2
P9,autocatalysis,Standardize,contextual,1,within_2
P9,autocatalysis,Inquire,contextual,2,within_2
P9,autocatalysis,Standardize,direct,0,same_quote
P9,autocatalysis,Act,contextual,2,within_2
P9,autocatalysis,Standardize,contextual,2,within_2
P9,autocatalysis,Inquire,contextual,2,within_2
P9,autocatalysis,Act,contextual,1,within_2
P9,autocatalysis,Standardize,contextual,1,within_2
P9,autocatalysis,Inquire,contextual,1,within_2
P9,autocatalysis,Inquire,contextual,2,within_2
P9,autocatalysis,Inquire,direct,0,same_quote
P9,autocatalysis,Act,contextual,2,within_2
P9,autocatalysis,Standardize,contextual,2,within_2
P9,autocatalysis,Standardize,contextual,1,within_2
P9,autocatalysis,Inquire,contextual,1,within_2
P9,autocatalysis,Act,contextual,2,within_2
P9,autocatalysis,Train,contextual,2,within_2
P9,stochastic_uncertainty,Inquire,direct,0,same_quote
P9,stochastic_uncertainty,Standardize,contextual,2,within_2
P9,stochastic_uncertainty,Inquire,contextual,1,within_2
P9,stochastic_uncertainty,Act,contextual,1,within_2
P9,stochastic_uncertainty,Train,contextual,1,within_2
P9,stochastic_uncertainty,Inquire,contextual,2,within_2
P9,stochastic_uncertainty,Act,direct,0,same_quote
P9,stochastic_uncertainty,Train,direct,0,same_quote
P9,stochastic_uncertainty,Inquire,contextual,2,within_2
P9,stochastic_uncertainty,Inquire,contextual,1,within_2
P9,stochastic_uncertainty,Inquire,contextual,1,within_2
P9,stochastic_uncertainty,Inquire,direct,0,same_quote
P9,stochastic_uncertainty,Inquire,contextual,2,within_2
P9,stochastic_uncertainty,Act,contextual,1,within_2
P9,stochastic_uncertainty,Train,contextual,1,within_2
P9,stochastic_uncertainty,Standardize,contextual,2,within_2
P9,stochastic_uncertainty,Act,contextual,2,within_2
P9,stochastic_uncertainty,Train,contextual,2,within_2
P9,stochastic_uncertainty,Inquire,contextual,1,within_2
P9,stochastic_uncertainty,Standardize,contextual,1,within_2
P9,stochastic_uncertainty,Inquire,contextual,2,within_2
P9,stochastic_uncertainty,Standardize,direct,0,same_quote
P9,stochastic_uncertainty,Inquire,contextual,2,within_2
P9,stochastic_uncertainty,Inquire,contextual,1,within_2
P9,stochastic_uncertainty,Act,contextual,2,within_2
P9,stochastic_uncertainty,Inquire,direct,0,same_quote
P9,stochastic_uncertainty,Standardize,contextual,1,within_2
P9,stochastic_uncertainty,Act,contextual,1,within_2
P9,stochastic_uncertainty,Act,contextual,2,within_2
P9,stochastic_uncertainty,Standardize,contextual,2,within_2
P9,stochastic_uncertainty,Act,direct,0,same_quote
P9,stochastic_uncertainty,Standardize,contextual,2,within_2
P9,stochastic_uncertainty,Inquire,contextual,1,within_2
P9,stochastic_uncertainty,Act,contextual,1,within_2
P9,stochastic_uncertainty,Standardize,contextual,1,within_2
P9,stochastic_uncertainty,Act,contextual,2,within_2
P9,stochastic_uncertainty,Train,contextual,2,within_2
P9,stochastic_uncertainty,Inquire,contextual,2,within_2
P9,stochastic_uncertainty,Standardize,contextual,2,within_2
P9,stochastic_uncertainty,Act,direct,0,same_quote
P9,stochastic_uncertainty,Standardize,direct,0,same_quote
P9,stochastic_uncertainty,Inquire,contextual,2,within_2
P9,stochastic_uncertainty,Act,contextual,1,within_2
P9,stochastic_uncertainty,Act,contextual,1,within_2
P9,stochastic_uncertainty,Train,contextual,1,within_2
P9,stochastic_uncertainty,Inquire,contextual,1,within_2
P9,stochastic_uncertainty,Standardize,contextual,1,within_2
P9,stochastic_uncertainty,Inquire,contextual,2,within_2
P9,stochastic_uncertainty,Act,direct,0,same_quote
P9,stochastic_uncertainty,Train,direct,0,same_quote
P9,stochastic_uncertainty,Inquire,direct,0,same_quote
P9,stochastic_uncertainty,Standardize,direct,0,same_quote
P9,stochastic_uncertainty,Act,contextual,2,within_2
P9,stochastic_uncertainty,Act,contextual,1,within_2
P9,stochastic_uncertainty,Standardize,contextual,1,within_2
P9,stochastic_uncertainty,Inquire,contextual,1,within_2
P9,stochastic_uncertainty,Inquire,direct,0,same_quote
P9,stochastic_uncertainty,Act,contextual,2,within_2
P9,stochastic_uncertainty,Standardize,contextual,2,within_2
P9,stochastic_uncertainty,Act,contextual,1,within_2
P9,stochastic_uncertainty,Train,contextual,1,within_2
P9,stochastic_uncertainty,Inquire,contextual,1,within_2
P9,stochastic_uncertainty,Standardize,contextual,1,within_2
P9,stochastic_uncertainty,Train,contextual,2,within_2
P9,high_customer_expectations,Act,contextual,2,within_2
P9,high_customer_expectations,Train,contextual,2,within_2
P9,high_customer_expectations,Inquire,contextual,2,within_2
P9,high_customer_expectations,Standardize,contextual,2,within_2
P9,high_customer_expectations,Inquire,contextual,1,within_2
P9,high_customer_expectations,Train,contextual,1,within_2
P9,high_customer_expectations,Train,contextual,2,within_2
P9,high_customer_expectations,Train,direct,0,same_quote
P9,high_customer_expectations,Inquire,contextual,2,within_2
P9,high_customer_expectations,Train,contextual,1,within_2
P9,high_customer_expectations,Train,contextual,2,within_2
P9,high_customer_expectations,Standardize,contextual,2,within_2
P9,high_customer_expectations,Train,direct,0,same_quote
P9,high_customer_expectations,Train,contextual,1,within_2
P9,high_customer_expectations,Train,contextual,1,within_2
P9,high_customer_expectations,Standardize,contextual,1,within_2
P9,high_customer_expectations,Train,contextual,2,within_2
P9,process_disruption,Train,direct,0,same_quote
P9,process_disruption,Standardize,direct,0,same_quote
P9,process_disruption,Train,contextual,2,within_2
P9,process_disruption,Train,contextual,1,within_2
P9,process_disruption,Train,contextual,1,within_2
P9,process_disruption,Act,contextual,2,within_2
P9,process_disruption,Standardize,contextual,2,within_2
P9,process_disruption,Train,direct,0,same_quote
P9,process_disruption,Train,contextual,2,within_2
P9,process_disruption,Train,contextual,1,within_2
P9,process_disruption,Standardize,contextual,1,within_2
P9,process_disruption,Act,contextual,1,within_2
P9,process_disruption,Standardize,contextual,1,within_2
P9,process_disruption,Act,contextual,2,within_2
P9,process_disruption,Train,contextual,2,within_2
P9,process_disruption,Inquire,contextual,2,within_2
P9,process_disruption,Standardize,contextual,2,within_2
P9,process_disruption,Act,direct,0,same_quote
P9,process_disruption,Standardize,direct,0,same_quote
P9,process_disruption,Train,contextual,2,within_2
P9,process_disruption,Standardize,contextual,2,within_2
P9,process_disruption,Train,contextual,1,within_2
P9,process_disruption,Act,contextual,1,within_2
P9,process_disruption,Train,contextual,1,within_2
P9,process_disruption,Inquire,contextual,1,within_2
P9,process_disruption,Standardize,contextual,1,within_2
P9,process_disruption,Act,contextual,2,within_2
P9,process_disruption,Standardize,contextual,2,within_2
P9,process_disruption,Act,direct,0,same_quote
P9,process_disruption,Train,direct,0,same_quote
P9,process_disruption,Inquire,direct,0,same_quote
P9,process_disruption,Standardize,direct,0,same_quote
P9,process_disruption,Train,contextual,2,within_2
P9,process_disruption,Act,contextual,1,within_2
P9,process_disruption,Standardize,contextual,1,within_2
P9,process_disruption,Act,contextual,1,within_2
P9,process_disruption,Standardize,contextual,1,within_2
P9,process_disruption,Act,contextual,2,within_2
P9,process_disruption,Act,direct,0,same_quote
P9,process_disruption,Standardize,direct,0,same_quote
P9,process_disruption,Act,contextual,2,within_2
P9,process_disruption,Standardize,contextual,2,within_2
P9,process_disruption,Act,contextual,1,within_2
P9,process_disruption,Train,contextual,1,within_2
P9,process_disruption,Inquire,contextual,1,within_2
P9,process_disruption,Standardize,contextual,1,within_2
P9,process_disruption,Act,contextual,1,within_2
P9,process_disruption,Standardize,contextual,2,within_2
P9,process_disruption,Act,direct,0,same_quote
P9,process_disruption,Act,contextual,2,within_2
P9,process_disruption,Train,contextual,2,within_2
P9,process_disruption,Inquire,contextual,2,within_2
P9,process_disruption,Standardize,contextual,2,within_2
P9,process_disruption,Act,contextual,1,within_2
P9,process_disruption,Standardize,contextual,1,within_2
P9,process_disruption,Standardize,contextual,1,within_2
P9,process_disruption,Standardize,direct,0,same_quote
P9,process_disruption,Act,contextual,2,within_2
P9,process_disruption,Standardize,contextual,2,within_2
P9,process_disruption,Act,contextual,1,within_2
P9,process_disruption,Inquire,contextual,2,within_2
P9,process_disruption,Act,contextual,2,within_2
P9,process_disruption,Standardize,contextual,1,within_2
P9,process_disruption,Inquire,contextual,1,within_2
P9,process_disruption,Inquire,direct,0,same_quote
P9,process_disruption,Standardize,contextual,2,within_2
P9,process_disruption,Act,contextual,2,within_2
P9,process_disruption,Inquire,contextual,1,within_2
P9,process_disruption,Act,contextual,1,within_2
P9,process_disruption,Train,contextual,2,within_2
P9,process_disruption,Act,direct,0,same_quote
P9,process_disruption,Inquire,contextual,2,within_2
P9,process_disruption,Train,contextual,1,within_2
P9,process_disruption,Train,contextual,2,within_2
P9,process_disruption,Standardize,contextual,2,within_2
P9,process_disruption,Train,direct,0,same_quote
P9,process_disruption,Act,contextual,1,within_2
P9,process_disruption,Train,contextual,1,within_2
P9,process_disruption,Standardize,contextual,1,within_2
P9,process_disruption,Train,direct,0,same_quote
P9,process_disruption,Standardize,direct,0,same_quote
P9,process_disruption,Act,contextual,2,within_2
P9,process_disruption,Train,contextual,1,within_2
